# The Workshop split's sheet, regenerated from 475fc96a254b7714a236374d7375f7667f61e2db by apply.py seed; one row per moved body.
file	section_line	section	scope	name	spelling	first_param	kind	destination	pointer_ids	start_line	end_line	rewrites
workshop/screen.hpp	359	// ---- THE CHROME A PANE WEARS, AND THE INTERIOR IT LEAVES --------------------------------	zengine::workshop::detail	pane_inside_at	detail::pane_inside_at	FineRect	function	workshop/screen_chrome.cpp		399	410	inline
workshop/screen.hpp	359	// ---- THE CHROME A PANE WEARS, AND THE INTERIOR IT LEAVES --------------------------------	zengine::workshop	pane_inside	pane_inside	FineRect	function	workshop/screen_chrome.cpp	WL-CHROME-01,WL-CHROME-03,WL-CHROME-04,WL-CHROME-07,WL-MAKER-05	419	432	inline
workshop/screen.hpp	359	// ---- THE CHROME A PANE WEARS, AND THE INTERIOR IT LEAVES --------------------------------	zengine::workshop	pane_interior	pane_interior	FineRect	function	workshop/screen_chrome.cpp		435	437	inline
workshop/screen.hpp	462	// ---- AUTHORED INTENT, PROJECTED ONTO THIS SCREEN -------------------------------------	zengine::workshop	pane_unit_projectable	pane_unit_projectable	SetupPane	function	workshop/screen_chrome.cpp	WL-SETUP-06	496	502	inline
workshop/screen.hpp	462	// ---- AUTHORED INTENT, PROJECTED ONTO THIS SCREEN -------------------------------------	zengine::workshop	project_pane	project_pane	int64_t	function	workshop/screen_chrome.cpp	WL-GEO-06,WL-PANE-01,WL-PANE-08,WL-PANE-11	507	541	inline
workshop/screen.hpp	462	// ---- AUTHORED INTENT, PROJECTED ONTO THIS SCREEN -------------------------------------	zengine::workshop	bounds_of	bounds_of	Panels	function	workshop/screen_chrome.cpp	WL-PANE-03,WL-PANE-07,WL-PANE-09,WL-MAKER-05	567	590	inline
workshop/screen.hpp	678	// ---- PLACEMENT SPENT ON THE POINTER: a place a maker can see is a place a hand meets ------	zengine::workshop	canvas_point_of	canvas_point_of	int64_t	function	workshop/screen_chrome.cpp		704	716	inline
workshop/screen.hpp	678	// ---- PLACEMENT SPENT ON THE POINTER: a place a maker can see is a place a hand meets ------	zengine::workshop	occupied_at	occupied_at	Panels	function	workshop/screen_chrome.cpp	WL-FRONT-02,WL-FRONT-05,WL-PRESS-04,WL-PRESS-05,WL-FOCUS-03,WL-PANE-05,WL-TAB-09	738	760	inline
workshop/screen.hpp	678	// ---- PLACEMENT SPENT ON THE POINTER: a place a maker can see is a place a hand meets ------	zengine::workshop	occupied_at	occupied_at	Panels	function	workshop/screen_chrome.cpp	WL-FRONT-02,WL-FRONT-05,WL-PRESS-04,WL-PRESS-05,WL-FOCUS-03,WL-PANE-05,WL-TAB-09	770	777	inline
workshop/screen.hpp	830	// ---- PANE MANAGEMENT: what a maker is ARRANGING, and how ------------------------------	zengine::workshop	pane_edge_cell	pane_edge_cell	FineRect	function	workshop/screen_arrange.cpp	WL-ARR-09	890	909	inline
workshop/screen.hpp	830	// ---- PANE MANAGEMENT: what a maker is ARRANGING, and how ------------------------------	zengine::workshop	pane_edge_at	pane_edge_at	FineRect	function	workshop/screen_arrange.cpp	WL-ARR-01,WL-GEO-07	928	966	inline
workshop/screen.hpp	830	// ---- PANE MANAGEMENT: what a maker is ARRANGING, and how ------------------------------	zengine::workshop	doubles_a_click	doubles_a_click	ClickMemory	function	workshop/screen_arrange.cpp	WL-PTR-01,WL-PTR-03	1051	1064	inline
workshop/screen.hpp	830	// ---- PANE MANAGEMENT: what a maker is ARRANGING, and how ------------------------------	zengine::workshop	doubles_a_tab_click	doubles_a_tab_click	TabClickMemory	function	workshop/screen_arrange.cpp	WL-TAB-10	1076	1083	inline
workshop/screen.hpp	830	// ---- PANE MANAGEMENT: what a maker is ARRANGING, and how ------------------------------	zengine::workshop	click_landed	click_landed	int64_t	function	workshop/screen_arrange.cpp		1093	1096	inline
workshop/screen.hpp	830	// ---- PANE MANAGEMENT: what a maker is ARRANGING, and how ------------------------------	zengine::workshop	editor_has_keyboard	editor_has_keyboard	Session	function	workshop/screen_arrange.cpp	WL-FOCUS-01,WL-FOCUS-02	1254	1262	inline
workshop/screen.hpp	830	// ---- PANE MANAGEMENT: what a maker is ARRANGING, and how ------------------------------	zengine::workshop	files_has_keyboard	files_has_keyboard	Session	function	workshop/screen_arrange.cpp	WL-FOCUS-01,WL-FOCUS-02,WL-FOCUS-04,WL-FILES-07	1267	1278	inline
workshop/screen.hpp	830	// ---- PANE MANAGEMENT: what a maker is ARRANGING, and how ------------------------------	zengine::workshop	pane_editor_has_keyboard	pane_editor_has_keyboard	Session	function	workshop/screen_arrange.cpp	WL-FOCUS-01,WL-PED-07	1282	1289	inline
workshop/screen.hpp	830	// ---- PANE MANAGEMENT: what a maker is ARRANGING, and how ------------------------------	zengine::workshop	pane_editor_draft_live	pane_editor_draft_live	Session	function	workshop/screen_arrange.cpp		1295	1302	inline
workshop/screen.hpp	830	// ---- PANE MANAGEMENT: what a maker is ARRANGING, and how ------------------------------	zengine::workshop	keyboard_context_beneath_menu	keyboard_context_beneath_menu	Session	function	workshop/screen_arrange.cpp	WL-KEY-03,WL-FOCUS-06,WL-ATTN-09,WL-CTX-06,WL-PED-07	1310	1365	inline
workshop/screen.hpp	830	// ---- PANE MANAGEMENT: what a maker is ARRANGING, and how ------------------------------	zengine::workshop	keyboard_context	keyboard_context	Session	function	workshop/screen_arrange.cpp	WL-KEY-03,WL-FOCUS-06,WL-FOCUS-09,WL-ARR-14,WL-CTX-08	1372	1392	inline
workshop/screen.hpp	830	// ---- PANE MANAGEMENT: what a maker is ARRANGING, and how ------------------------------	zengine::workshop	escape_may_shed_selection	escape_may_shed_selection	KeyContext	function	workshop/screen_arrange.cpp	WL-ARR-13,WL-ARR-14	1396	1398	inline
workshop/screen.hpp	1400	// ---- Spelling the effective bindings -----------------------------------------------------	zengine::workshop	hotkey_text	hotkey_text	Keymap	function	workshop/screen_bindings.cpp	WL-KEY-02	1405	1407	inline
workshop/screen.hpp	1400	// ---- Spelling the effective bindings -----------------------------------------------------	zengine::workshop	arrows_text	arrows_text	Keymap	function	workshop/screen_bindings.cpp		1413	1424	inline
workshop/screen.hpp	1400	// ---- Spelling the effective bindings -----------------------------------------------------	zengine::workshop	help_pairs	help_pairs	Keymap	function	workshop/screen_bindings.cpp	WL-KEY-09	1430	1540	inline
workshop/screen.hpp	1400	// ---- Spelling the effective bindings -----------------------------------------------------	zengine::workshop	adopt_screen	adopt_screen	Session	function	workshop/screen_bindings.cpp	WL-DOC-17,WL-GEO-08	1550	1576	inline,default-argument
workshop/screen.hpp	1400	// ---- Spelling the effective bindings -----------------------------------------------------	zengine::workshop	workspace_scene	workspace_scene	WorkshopDoc	function	workshop/screen_bindings.cpp	WL-DOC-05,WL-DOC-12,WL-DOC-18	1581	1583	inline
workshop/screen.hpp	1400	// ---- Spelling the effective bindings -----------------------------------------------------	zengine::workshop	inspector_rows	inspector_rows	WorkshopDoc	function	workshop/screen_bindings.cpp	WL-DOC-05,WL-INFO-06	1588	1621	inline
workshop/screen.hpp	1400	// ---- Spelling the effective bindings -----------------------------------------------------	zengine::workshop	first_editable	first_editable	vector	function	workshop/screen_bindings.cpp		1626	1633	inline
workshop/screen.hpp	1400	// ---- Spelling the effective bindings -----------------------------------------------------	zengine::workshop	refocus	refocus	WorkshopDoc	function	workshop/screen_bindings.cpp		1639	1642	inline
workshop/screen.hpp	1400	// ---- Spelling the effective bindings -----------------------------------------------------	zengine::workshop	refocus_keeping_draft	refocus_keeping_draft	WorkshopDoc	function	workshop/screen_bindings.cpp	WL-INFO-06	1646	1659	inline
workshop/screen.hpp	1400	// ---- Spelling the effective bindings -----------------------------------------------------	zengine::workshop	position_of	position_of	WorkshopDoc	function	workshop/screen_bindings.cpp		1668	1675	inline
workshop/screen.hpp	1400	// ---- Spelling the effective bindings -----------------------------------------------------	zengine::workshop::detail	pad	detail::pad	string	function	workshop/screen_bindings.cpp		1684	1691	inline
workshop/screen.hpp	1400	// ---- Spelling the effective bindings -----------------------------------------------------	zengine::workshop::detail	fit	detail::fit	string	function	workshop/screen_bindings.cpp	WL-INFO-05,WL-RGN-05,WL-TEXT-05	1703	1718	inline
workshop/screen.hpp	1400	// ---- Spelling the effective bindings -----------------------------------------------------	zengine::workshop::detail	path_root_cue	detail::path_root_cue	string	function	workshop/screen_bindings.cpp	WL-PROJ-10	1723	1735	inline
workshop/screen.hpp	1400	// ---- Spelling the effective bindings -----------------------------------------------------	zengine::workshop::detail	fit_path	detail::fit_path	string	function	workshop/screen_bindings.cpp	WL-PROJ-10,WL-TAB-03	1739	1758	inline
workshop/screen.hpp	1760	// ---- Reading past the ellipsis -----------------------------------------------------------	zengine::workshop::detail	reveal_max_offset	detail::reveal_max_offset	string	function	workshop/screen_gestures.cpp	WL-PTR-06	1766	1773	inline
workshop/screen.hpp	1760	// ---- Reading past the ellipsis -----------------------------------------------------------	zengine::workshop::detail	reveal_offset_at_column	detail::reveal_offset_at_column	string	function	workshop/screen_gestures.cpp	WL-PTR-06	1777	1785	inline
workshop/screen.hpp	1760	// ---- Reading past the ellipsis -----------------------------------------------------------	zengine::workshop::detail	revealed_row	detail::revealed_row	string	function	workshop/screen_gestures.cpp	WL-PTR-04,WL-PTR-06	1791	1804	inline
workshop/screen.hpp	1760	// ---- Reading past the ellipsis -----------------------------------------------------------	zengine::workshop::detail	reveal_shown	detail::reveal_shown	Revealed	function	workshop/screen_gestures.cpp	WL-PTR-04,WL-PTR-05,WL-PTR-08	1809	1816	inline
workshop/screen.hpp	1760	// ---- Reading past the ellipsis -----------------------------------------------------------	zengine::workshop::detail	wrap	detail::wrap	string	function	workshop/screen_gestures.cpp	WL-TERM-07	1826	1865	inline
workshop/screen.hpp	1760	// ---- Reading past the ellipsis -----------------------------------------------------------	zengine::workshop::detail	step	detail::step	int64_t	function	workshop/screen_gestures.cpp		1877	1887	inline
workshop/screen.hpp	1760	// ---- Reading past the ellipsis -----------------------------------------------------------	zengine::workshop::detail	minus	detail::minus	int64_t	function	workshop/screen_gestures.cpp		1895	1902	inline
workshop/screen.hpp	1760	// ---- Reading past the ellipsis -----------------------------------------------------------	zengine::workshop	help_rows	help_rows	Keymap	function	workshop/screen_gestures.cpp	WL-KEY-09,WL-RGN-03	1908	1954	inline
workshop/screen.hpp	1760	// ---- Reading past the ellipsis -----------------------------------------------------------	zengine::workshop	pane_window_proposal	pane_window_proposal	int64_t	function	workshop/screen_gestures.cpp		1971	2003	inline
workshop/screen.hpp	2033	// ---- The maker's gestures over one session ---------------------------------------------	zengine::workshop	create	create	WorkshopDoc	function	workshop/screen_gestures.cpp	WL-DOC-10	2043	2051	inline
workshop/screen.hpp	2033	// ---- The maker's gestures over one session ---------------------------------------------	zengine::workshop	delete_selected	delete_selected	WorkshopDoc	function	workshop/screen_gestures.cpp	WL-DOC-10,WL-CTX-07	2055	2069	inline
workshop/screen.hpp	2033	// ---- The maker's gestures over one session ---------------------------------------------	zengine::workshop	place	place	WorkshopDoc	function	workshop/screen_gestures.cpp	WL-DOC-06,WL-DOC-08	2075	2093	inline
workshop/screen.hpp	2033	// ---- The maker's gestures over one session ---------------------------------------------	zengine::workshop	nudge	nudge	WorkshopDoc	function	workshop/screen_gestures.cpp	WL-DOC-06	2099	2107	inline
workshop/screen.hpp	2109	// ---- The size a hand asked for, as an authored extent ----------------------------------	zengine::workshop	extent_from_drag	extent_from_drag	Extent	function	workshop/screen_gestures.cpp	WL-DOC-07	2113	2153	inline
workshop/screen.hpp	2109	// ---- The size a hand asked for, as an authored extent ----------------------------------	zengine::workshop	size_to	size_to	WorkshopDoc	function	workshop/screen_gestures.cpp	WL-DOC-07	2159	2171	inline
workshop/screen.hpp	2109	// ---- The size a hand asked for, as an authored extent ----------------------------------	zengine::workshop	grow	grow	WorkshopDoc	function	workshop/screen_gestures.cpp	WL-DOC-07	2176	2184	inline
workshop/screen.hpp	2186	// ---- The one resize affordance ---------------------------------------------------------	zengine::workshop	size_handle	size_handle	WorkshopDoc	function	workshop/screen_gestures.cpp		2197	2216	inline
workshop/screen.hpp	2186	// ---- The one resize affordance ---------------------------------------------------------	zengine::workshop	begin_drag	begin_drag	WorkshopDoc	function	workshop/screen_gestures.cpp	WL-DOC-09	2221	2232	inline
workshop/screen.hpp	2186	// ---- The one resize affordance ---------------------------------------------------------	zengine::workshop	take_hold	take_hold	WorkshopDoc	function	workshop/screen_gestures.cpp	WL-PANE-05,WL-PRESS-04	2238	2245	inline
workshop/screen.hpp	2186	// ---- The one resize affordance ---------------------------------------------------------	zengine::workshop	object_at	object_at	WorkshopDoc	function	workshop/screen_gestures.cpp	WL-CTX-01	2249	2256	inline
workshop/screen.hpp	2186	// ---- The one resize affordance ---------------------------------------------------------	zengine::workshop	drag_to	drag_to	WorkshopDoc	function	workshop/screen_gestures.cpp	WL-DOC-09	2262	2281	inline
workshop/screen.hpp	2186	// ---- The one resize affordance ---------------------------------------------------------	zengine::workshop	end_drag	end_drag	Session	function	workshop/screen_gestures.cpp		2283	2283	inline
workshop/screen.hpp	2285	// ---- Where a pointer is, in workspace cells --------------------------------------------	zengine::workshop	prose_at	prose_at	int64_t	function	workshop/screen_gestures.cpp		2296	2308	inline
workshop/screen.hpp	2285	// ---- Where a pointer is, in workspace cells --------------------------------------------	zengine::workshop	workspace_cell_x	workspace_cell_x	int64_t	function	workshop/screen_gestures.cpp	WL-GEO-06	2313	2315	inline
workshop/screen.hpp	2285	// ---- Where a pointer is, in workspace cells --------------------------------------------	zengine::workshop	workspace_cell_y	workspace_cell_y	int64_t	function	workshop/screen_gestures.cpp		2316	2318	inline
workshop/screen.hpp	2320	// ---- What the OBJECTS panel can show, and what it must SAY it cannot ---------------------	zengine::workshop	list_window	list_window	size_t	function	workshop/screen_gestures.cpp	WL-EDIT-10,WL-INFO-03,WL-TAB-08	2338	2388	inline
workshop/screen.hpp	2320	// ---- What the OBJECTS panel can show, and what it must SAY it cannot ---------------------	zengine::workshop	omitted_text	omitted_text	size_t	function	workshop/screen_gestures.cpp	WL-INFO-03	2392	2394	inline
workshop/screen.hpp	2396	// ---- Rendering one participant's record ------------------------------------------------	zengine::workshop	terminal_address	terminal_address	TranscriptEntry	function	workshop/screen_terminal.cpp	WL-TERM-02	2400	2407	inline
workshop/screen.hpp	2396	// ---- Rendering one participant's record ------------------------------------------------	zengine::workshop	terminal_shape	terminal_shape	TranscriptEntry	function	workshop/screen_terminal.cpp		2409	2411	inline
workshop/screen.hpp	2396	// ---- Rendering one participant's record ------------------------------------------------	zengine::workshop	terminal_line	terminal_line	TranscriptEntry	function	workshop/screen_terminal.cpp	WL-TERM-07	2415	2429	inline
workshop/screen.hpp	2396	// ---- Rendering one participant's record ------------------------------------------------	zengine::workshop	terminal_legend	terminal_legend		function	workshop/screen_terminal.cpp	WL-TERM-07	2433	2435	inline
workshop/screen.hpp	2396	// ---- Rendering one participant's record ------------------------------------------------	zengine::workshop	terminal_wrapped	terminal_wrapped	TranscriptEntry	function	workshop/screen_terminal.cpp	WL-TERM-07	2439	2442	inline
workshop/screen.hpp	2396	// ---- Rendering one participant's record ------------------------------------------------	zengine::workshop	entries_that_fit	entries_that_fit	vector	function	workshop/screen_terminal.cpp	WL-TERM-03	2446	2462	inline
workshop/screen.hpp	2396	// ---- Rendering one participant's record ------------------------------------------------	zengine::workshop	terminal_omission	terminal_omission	TerminalPane	function	workshop/screen_terminal.cpp	WL-TERM-03	2466	2475	inline
workshop/screen.hpp	2477	// ---- The editable line, resolved ONCE ---------------------------------------------------	zengine::workshop	terminal_caret_column	terminal_caret_column	TerminalInputPlace	function	workshop/screen_terminal.cpp	WL-TEXT-13	2518	2521	inline
workshop/screen.hpp	2477	// ---- The editable line, resolved ONCE ---------------------------------------------------	zengine::workshop	terminal_caret_of_column	terminal_caret_of_column	TerminalInputPlace	function	workshop/screen_terminal.cpp	WL-TEXT-13	2525	2529	inline
workshop/screen.hpp	2477	// ---- The editable line, resolved ONCE ---------------------------------------------------	zengine::workshop	terminal_selection_columns	terminal_selection_columns	TerminalInputPlace	function	workshop/screen_terminal.cpp		2547	2555	inline
workshop/screen.hpp	2564	// ---- The completion list, inside the pane it belongs to ---------------------------------	zengine::workshop	completion_rows	completion_rows	Completion	function	workshop/screen_terminal.cpp	WL-TERM-05,WL-TERM-06	2658	2695	inline
workshop/screen.hpp	2564	// ---- The completion list, inside the pane it belongs to ---------------------------------	zengine::workshop	paint_terminal	paint_terminal	SurfaceLayer	function	workshop/screen_terminal.cpp	WL-TERM-03,WL-TERM-07,WL-GEO-01	2699	2827	inline
workshop/screen.hpp	2829	// ---- The dynamic panels, painted -------------------------------------------------------	zengine::workshop	paint_panel_frame	paint_panel_frame	SurfaceLayer	function	workshop/screen_pane_state.cpp	WL-CHROME-04,WL-PANE-05,WL-CHROME-04,WL-PANE-05	2834	2837	inline
workshop/screen.hpp	2829	// ---- The dynamic panels, painted -------------------------------------------------------	zengine::workshop	panel_prose_place	panel_prose_place	FineRect	function	workshop/screen_pane_state.cpp	WL-CHROME-05,WL-RGN-01	2860	2873	inline
workshop/screen.hpp	2829	// ---- The dynamic panels, painted -------------------------------------------------------	zengine::workshop	panel_prose_region	panel_prose_region	PanelProsePlace	function	workshop/screen_pane_state.cpp	WL-RGN-01	2878	2890	inline
workshop/screen.hpp	2829	// ---- The dynamic panels, painted -------------------------------------------------------	zengine::workshop	panel_field	panel_field	char	function	workshop/screen_pane_state.cpp		2894	2896	inline
workshop/screen.hpp	2829	// ---- The dynamic panels, painted -------------------------------------------------------	zengine::workshop	panel_block	panel_block	char	function	workshop/screen_pane_state.cpp	WL-RGN-02	2901	2912	inline
workshop/screen.hpp	2829	// ---- The dynamic panels, painted -------------------------------------------------------	zengine::workshop	paint_builder	paint_builder	SurfaceLayer	function	workshop/screen_pane_state.cpp	WL-RGN-02	2916	3203	inline,default-argument
workshop/screen.hpp	3205	// ---- WHAT STATE ONE PANE IS IN -- the recovery invariant, as one word -----------------	zengine::workshop	pane_state_word	pane_state_word	int64_t	function	workshop/screen_pane_state.cpp		3219	3229	inline
workshop/screen.hpp	3205	// ---- WHAT STATE ONE PANE IS IN -- the recovery invariant, as one word -----------------	zengine::workshop	pane_state_remedy	pane_state_remedy	int64_t	function	workshop/screen_pane_state.cpp	WL-PANE-10	3234	3244	inline
workshop/screen.hpp	3205	// ---- WHAT STATE ONE PANE IS IN -- the recovery invariant, as one word -----------------	zengine::workshop	pane_is_covered	pane_is_covered	Panels	function	workshop/screen_pane_state.cpp	WL-PANE-10,WL-FRONT-05	3257	3326	inline
workshop/screen.hpp	3205	// ---- WHAT STATE ONE PANE IS IN -- the recovery invariant, as one word -----------------	zengine::workshop	pane_state_of	pane_state_of	Panels	function	workshop/screen_pane_state.cpp		3331	3363	inline
workshop/screen.hpp	3205	// ---- WHAT STATE ONE PANE IS IN -- the recovery invariant, as one word -----------------	zengine::workshop	picker_entry_text	picker_entry_text	string	function	workshop/screen_pane_state.cpp	WL-PED-01	3368	3373	inline
workshop/screen.hpp	3205	// ---- WHAT STATE ONE PANE IS IN -- the recovery invariant, as one word -----------------	zengine::workshop	paint_picker	paint_picker	SurfaceLayer	function	workshop/screen_pane_state.cpp		3378	3444	inline
workshop/screen.hpp	3447	// ---- SAYING A PANE'S GEOMETRY IN THE FACE'S OWN LANGUAGE ------------------------------	zengine::workshop	geometry_unit	geometry_unit	int64_t	function	workshop/screen_pane_state.cpp		3462	3464	inline
workshop/screen.hpp	3447	// ---- SAYING A PANE'S GEOMETRY IN THE FACE'S OWN LANGUAGE ------------------------------	zengine::workshop	geometry_spelling	geometry_spelling	int64_t	function	workshop/screen_pane_state.cpp	WL-GEO-09,WL-GEO-10	3468	3471	inline
workshop/screen.hpp	3447	// ---- SAYING A PANE'S GEOMETRY IN THE FACE'S OWN LANGUAGE ------------------------------	zengine::workshop	geometry_amount_text	geometry_amount_text	int64_t	function	workshop/screen_pane_state.cpp		3487	3495	inline
workshop/screen.hpp	3447	// ---- SAYING A PANE'S GEOMETRY IN THE FACE'S OWN LANGUAGE ------------------------------	zengine::workshop	parse_face_amount	parse_face_amount	string_view	function	workshop/screen_pane_state.cpp		3528	3558	inline
workshop/screen.hpp	3447	// ---- SAYING A PANE'S GEOMETRY IN THE FACE'S OWN LANGUAGE ------------------------------	zengine::workshop	fine_rect_text	fine_rect_text	FineRect	function	workshop/screen_pane_state.cpp		3561	3572	inline
workshop/screen.hpp	3447	// ---- SAYING A PANE'S GEOMETRY IN THE FACE'S OWN LANGUAGE ------------------------------	zengine::workshop	pane_window_text	pane_window_text	SetupPane	function	workshop/screen_pane_state.cpp	WL-GEO-09	3576	3608	inline
workshop/screen.hpp	3447	// ---- SAYING A PANE'S GEOMETRY IN THE FACE'S OWN LANGUAGE ------------------------------	zengine::workshop	pane_window_partly_default	pane_window_partly_default	SetupPane	function	workshop/screen_pane_state.cpp	WL-GEO-12	3612	3618	inline
workshop/screen.hpp	3621	// ---- A SURFACE SIZED BY WHAT IT SAYS, PLACED ---------------------------------------------	zengine::workshop	popup_bounds_at	popup_bounds_at	int64_t	function	workshop/screen_pane_state.cpp	WL-CTX-03,WL-KEY-10	3626	3648	inline
workshop/screen.hpp	3650	// ---- THE FULL HOTKEY VIEW -------------------------------------------------------------	zengine::workshop	keyboard_context_name	keyboard_context_name	Session	function	workshop/screen_hotkeys.cpp	WL-KEY-11	3654	3681	inline
workshop/screen.hpp	3650	// ---- THE FULL HOTKEY VIEW -------------------------------------------------------------	zengine::workshop	hotkeys_rows	hotkeys_rows	Session	function	workshop/screen_hotkeys.cpp	WL-KEY-10,WL-KEY-11	3692	3757	inline
workshop/screen.hpp	3650	// ---- THE FULL HOTKEY VIEW -------------------------------------------------------------	zengine::workshop	hotkeys_bounds	hotkeys_bounds	Session	function	workshop/screen_hotkeys.cpp	WL-CTX-03,WL-KEY-10	3761	3786	inline
workshop/screen.hpp	3650	// ---- THE FULL HOTKEY VIEW -------------------------------------------------------------	zengine::workshop	paint_hotkeys	paint_hotkeys	SurfaceLayer	function	workshop/screen_hotkeys.cpp		3788	3824	inline
workshop/screen.hpp	3826	// ---- WHAT IS TRUE RIGHT NOW, PROJECTED ---------------------------------------------------	zengine::workshop	pane_content_key	pane_content_key	PaneRef	function	workshop/screen_attention.cpp		3848	3850	inline
workshop/screen.hpp	3826	// ---- WHAT IS TRUE RIGHT NOW, PROJECTED ---------------------------------------------------	zengine::workshop	pane_window_key	pane_window_key	PaneRef	function	workshop/screen_attention.cpp		3851	3853	inline
workshop/screen.hpp	3826	// ---- WHAT IS TRUE RIGHT NOW, PROJECTED ---------------------------------------------------	zengine::workshop	attention_conditions	attention_conditions	Session	function	workshop/screen_attention.cpp	WL-ATTN-03,WL-ATTN-04,WL-ATTN-05	3858	3913	inline,default-argument
workshop/screen.hpp	3826	// ---- WHAT IS TRUE RIGHT NOW, PROJECTED ---------------------------------------------------	zengine::workshop	attention_shown	attention_shown	Session	function	workshop/screen_attention.cpp		3918	3927	inline,default-argument
workshop/screen.hpp	3826	// ---- WHAT IS TRUE RIGHT NOW, PROJECTED ---------------------------------------------------	zengine::workshop	attention_compact	attention_compact	vector	function	workshop/screen_attention.cpp	WL-ATTN-06	3931	3940	inline
workshop/screen.hpp	3826	// ---- WHAT IS TRUE RIGHT NOW, PROJECTED ---------------------------------------------------	zengine::workshop	paint_attention	paint_attention	SurfaceLayer	function	workshop/screen_attention.cpp	WL-ATTN-09	3951	4045	inline
workshop/screen.hpp	4047	// ---- WHAT CAN I DO WITH THIS, PRESENTED --------------------------------------------------	zengine::workshop	context_entry_text	context_entry_text	ContextEntry	function	workshop/screen_attention.cpp	WL-CTX-03,WL-CTX-04	4054	4059	inline
workshop/screen.hpp	4047	// ---- WHAT CAN I DO WITH THIS, PRESENTED --------------------------------------------------	zengine::workshop	context_label_columns	context_label_columns	vector	function	workshop/screen_attention.cpp		4069	4076	inline
workshop/screen.hpp	4047	// ---- WHAT CAN I DO WITH THIS, PRESENTED --------------------------------------------------	zengine::workshop	context_annotation	context_annotation	Session	function	workshop/screen_attention.cpp	WL-CTX-06,WL-TAB-12	4080	4116	inline
workshop/screen.hpp	4047	// ---- WHAT CAN I DO WITH THIS, PRESENTED --------------------------------------------------	zengine::workshop	context_row_text	context_row_text	Session	function	workshop/screen_attention.cpp		4122	4130	inline
workshop/screen.hpp	4047	// ---- WHAT CAN I DO WITH THIS, PRESENTED --------------------------------------------------	zengine::workshop	context_bounds	context_bounds	Session	function	workshop/screen_attention.cpp	WL-CTX-03	4135	4155	inline
workshop/screen.hpp	4047	// ---- WHAT CAN I DO WITH THIS, PRESENTED --------------------------------------------------	zengine::workshop	paint_context	paint_context	SurfaceLayer	function	workshop/screen_attention.cpp		4169	4204	inline
workshop/screen.hpp	4047	// ---- WHAT CAN I DO WITH THIS, PRESENTED --------------------------------------------------	zengine::workshop	context_press_at	context_press_at	Session	function	workshop/screen_attention.cpp		4216	4263	inline
workshop/screen.hpp	4265	// ---- The Info panel's BODY, resolved ONCE ----	zengine::workshop	share_body_rows	share_body_rows	size_t	function	workshop/screen_info.cpp		4304	4327	inline
workshop/screen.hpp	4334	// ---- The Info panel's ACTION CONTROLS -----------------------------------------------------	zengine::workshop	draft_live	draft_live	Session	function	workshop/screen_info.cpp	WL-CTRL-03,WL-PED-07	4364	4371	inline
workshop/screen.hpp	4334	// ---- The Info panel's ACTION CONTROLS -----------------------------------------------------	zengine::workshop	action_availability	action_availability	size_t	function	workshop/screen_info.cpp	WL-CTRL-03	4388	4391	inline
workshop/screen.hpp	4334	// ---- The Info panel's ACTION CONTROLS -----------------------------------------------------	zengine::workshop	action_row_text	action_row_text	size_t	function	workshop/screen_info.cpp	WL-CTRL-04	4403	4407	inline
workshop/screen.hpp	4334	// ---- The Info panel's ACTION CONTROLS -----------------------------------------------------	zengine::workshop	inspector_focus	inspector_focus	Session	function	workshop/screen_info.cpp	WL-INFO-04	4453	4460	inline
workshop/screen.hpp	4334	// ---- The Info panel's ACTION CONTROLS -----------------------------------------------------	zengine::workshop	info_body_place	info_body_place	FineRect	function	workshop/screen_info.cpp	WL-INFO-01,WL-INFO-08,WL-CHROME-05,WL-CTRL-01	4474	4549	inline
workshop/screen.hpp	4334	// ---- The Info panel's ACTION CONTROLS -----------------------------------------------------	zengine::workshop	info_body_place	info_body_place	FineRect	function	workshop/screen_info.cpp		4554	4558	inline
workshop/screen.hpp	4334	// ---- The Info panel's ACTION CONTROLS -----------------------------------------------------	zengine::workshop	info_body_place	info_body_place	Rect	function	workshop/screen_info.cpp		4563	4568	inline
workshop/screen.hpp	4334	// ---- The Info panel's ACTION CONTROLS -----------------------------------------------------	zengine::workshop	info_body_place	info_body_place	Rect	function	workshop/screen_info.cpp		4570	4573	inline
workshop/screen.hpp	4334	// ---- The Info panel's ACTION CONTROLS -----------------------------------------------------	zengine::workshop	info_body_at	info_body_at	WorkshopDoc	function	workshop/screen_info.cpp	WL-FOCUS-03,WL-INFO-08,WL-PRESS-03	4593	4612	inline
workshop/screen.hpp	4614	// ---- One windowed list's rows, mapped both ways ------------------------------------------	zengine::workshop	prose_row_in_window	prose_row_in_window	ListWindow	function	workshop/screen_info.cpp	WL-INFO-04,WL-INFO-04	4620	4626	inline
workshop/screen.hpp	4614	// ---- One windowed list's rows, mapped both ways ------------------------------------------	zengine::workshop	item_at_prose_row	item_at_prose_row	ListWindow	function	workshop/screen_info.cpp		4631	4642	inline
workshop/screen.hpp	4614	// ---- One windowed list's rows, mapped both ways ------------------------------------------	zengine::workshop	prose_row_of_object	prose_row_of_object	InfoBodyPlace	function	workshop/screen_info.cpp		4646	4648	inline
workshop/screen.hpp	4614	// ---- One windowed list's rows, mapped both ways ------------------------------------------	zengine::workshop	object_at_prose_row	object_at_prose_row	InfoBodyPlace	function	workshop/screen_info.cpp		4650	4656	inline
workshop/screen.hpp	4614	// ---- One windowed list's rows, mapped both ways ------------------------------------------	zengine::workshop	prose_row_of_property	prose_row_of_property	InfoBodyPlace	function	workshop/screen_info.cpp		4662	4667	inline
workshop/screen.hpp	4614	// ---- One windowed list's rows, mapped both ways ------------------------------------------	zengine::workshop	property_at_prose_row	property_at_prose_row	InfoBodyPlace	function	workshop/screen_info.cpp		4669	4676	inline
workshop/screen.hpp	4614	// ---- One windowed list's rows, mapped both ways ------------------------------------------	zengine::workshop	prose_row_of_action	prose_row_of_action	InfoBodyPlace	function	workshop/screen_info.cpp	WL-CTRL-02	4680	4685	inline
workshop/screen.hpp	4614	// ---- One windowed list's rows, mapped both ways ------------------------------------------	zengine::workshop	action_at_prose_row	action_at_prose_row	InfoBodyPlace	function	workshop/screen_info.cpp		4687	4693	inline
workshop/screen.hpp	4614	// ---- One windowed list's rows, mapped both ways ------------------------------------------	zengine::workshop	action_press_at	action_press_at	InfoBodyPlace	function	workshop/screen_info.cpp	WL-PRESS-03	4697	4703	inline
workshop/screen.hpp	4614	// ---- One windowed list's rows, mapped both ways ------------------------------------------	zengine::workshop	object_row_full	object_row_full	Element	function	workshop/screen_info.cpp	WL-INFO-09	4708	4710	inline
workshop/screen.hpp	4614	// ---- One windowed list's rows, mapped both ways ------------------------------------------	zengine::workshop	object_row_text	object_row_text	Element	function	workshop/screen_info.cpp		4712	4714	inline
workshop/screen.hpp	4614	// ---- One windowed list's rows, mapped both ways ------------------------------------------	zengine::workshop	property_row_prefix	property_row_prefix	Row	function	workshop/screen_info.cpp	WL-INFO-05	4719	4722	inline
workshop/screen.hpp	4614	// ---- One windowed list's rows, mapped both ways ------------------------------------------	zengine::workshop	property_row_full	property_row_full	Row	function	workshop/screen_info.cpp		4728	4730	inline
workshop/screen.hpp	4614	// ---- One windowed list's rows, mapped both ways ------------------------------------------	zengine::workshop	property_row_text	property_row_text	Row	function	workshop/screen_info.cpp		4732	4738	inline
workshop/screen.hpp	4614	// ---- One windowed list's rows, mapped both ways ------------------------------------------	zengine::workshop	property_caret_column	property_caret_column	Row	function	workshop/screen_info.cpp	WL-TEXT-13	4742	4745	inline
workshop/screen.hpp	4614	// ---- One windowed list's rows, mapped both ways ------------------------------------------	zengine::workshop	property_selection_columns	property_selection_columns	Row	function	workshop/screen_info.cpp	WL-TEXT-13	4750	4758	inline
workshop/screen.hpp	4614	// ---- One windowed list's rows, mapped both ways ------------------------------------------	zengine::workshop	property_row_hit	property_row_hit	InfoBodyPlace	function	workshop/screen_info.cpp	WL-PRESS-03	4762	4766	inline
workshop/screen.hpp	4614	// ---- One windowed list's rows, mapped both ways ------------------------------------------	zengine::workshop	object_press_at	object_press_at	InfoBodyPlace	function	workshop/screen_info.cpp	WL-INFO-09,WL-PRESS-03	4770	4776	inline
workshop/screen.hpp	4614	// ---- One windowed list's rows, mapped both ways ------------------------------------------	zengine::workshop	paint_info	paint_info	SurfaceLayer	function	workshop/screen_info.cpp	WL-INFO-01,WL-INFO-08	4787	5011	inline,default-argument
workshop/screen.hpp	5013	// ---- AN EXTERNAL PANE'S BODY: one header row of Workshop's, and a region ---------------	zengine::workshop	external_title_rows	external_title_rows	Panels	function	workshop/screen_external.cpp	WL-FOCUS-11	5023	5026	inline
workshop/screen.hpp	5013	// ---- AN EXTERNAL PANE'S BODY: one header row of Workshop's, and a region ---------------	zengine::workshop	external_body_place	external_body_place	FineRect	function	workshop/screen_external.cpp	WL-CHROME-05,WL-EDIT-12,WL-PANE-06	5068	5091	inline
workshop/screen.hpp	5013	// ---- AN EXTERNAL PANE'S BODY: one header row of Workshop's, and a region ---------------	zengine::workshop	external_press_at	external_press_at	Panels	function	workshop/screen_external.cpp	WL-PRESS-04	5104	5125	inline
workshop/screen.hpp	5013	// ---- AN EXTERNAL PANE'S BODY: one header row of Workshop's, and a region ---------------	zengine::workshop	external_header	external_header	RuntimePane	function	workshop/screen_external.cpp	WL-EDIT-12,WL-FOCUS-10	5135	5138	inline
workshop/screen.hpp	5013	// ---- AN EXTERNAL PANE'S BODY: one header row of Workshop's, and a region ---------------	zengine::workshop	paint_external	paint_external	SurfaceLayer	function	workshop/screen_external.cpp	WL-FOCUS-10,WL-PANE-06	5143	5204	inline,default-argument
workshop/screen.hpp	5206	// ---- THE SOURCE EDITOR'S PANE: one document, projected through a viewport ---------------	zengine::workshop	editor_body	editor_body	Session	function	workshop/screen_editor.cpp		5218	5224	inline
workshop/screen.hpp	5206	// ---- THE SOURCE EDITOR'S PANE: one document, projected through a viewport ---------------	zengine::workshop	editor_header	editor_header	EditorState	function	workshop/screen_editor.cpp	WL-EDIT-12	5235	5248	inline
workshop/screen.hpp	5206	// ---- THE SOURCE EDITOR'S PANE: one document, projected through a viewport ---------------	zengine::workshop	reconcile_editor_view	reconcile_editor_view	Session	function	workshop/screen_editor.cpp	WL-EDIT-09	5253	5305	inline
workshop/screen.hpp	5206	// ---- THE SOURCE EDITOR'S PANE: one document, projected through a viewport ---------------	zengine::workshop	editor_press_at	editor_press_at	Session	function	workshop/screen_editor.cpp		5316	5331	inline
workshop/screen.hpp	5206	// ---- THE SOURCE EDITOR'S PANE: one document, projected through a viewport ---------------	zengine::workshop	over_editor_body	over_editor_body	Session	function	workshop/screen_editor.cpp		5336	5344	inline
workshop/screen.hpp	5206	// ---- THE SOURCE EDITOR'S PANE: one document, projected through a viewport ---------------	zengine::workshop	paint_editor	paint_editor	SurfaceLayer	function	workshop/screen_editor.cpp	WL-EDIT-12	5350	5446	inline,default-argument
workshop/screen.hpp	5448	// ---- THE PROJECT BROWSER, PRESENTED -----------------------------------------------------	zengine::workshop	spend_wheel	spend_wheel	double	function	workshop/screen_browser.cpp	WL-EDIT-10	5460	5465	inline
workshop/screen.hpp	5448	// ---- THE PROJECT BROWSER, PRESENTED -----------------------------------------------------	zengine::workshop	files_body	files_body	Session	function	workshop/screen_browser.cpp		5469	5475	inline
workshop/screen.hpp	5448	// ---- THE PROJECT BROWSER, PRESENTED -----------------------------------------------------	zengine::workshop	files_header_prefix	files_header_prefix	FilesPane	function	workshop/screen_browser.cpp	WL-PROJ-10	5480	5506	inline
workshop/screen.hpp	5448	// ---- THE PROJECT BROWSER, PRESENTED -----------------------------------------------------	zengine::workshop	files_location	files_location	FilesPane	function	workshop/screen_browser.cpp		5509	5511	inline
workshop/screen.hpp	5448	// ---- THE PROJECT BROWSER, PRESENTED -----------------------------------------------------	zengine::workshop	files_header_full	files_header_full	FilesPane	function	workshop/screen_browser.cpp		5514	5517	inline
workshop/screen.hpp	5448	// ---- THE PROJECT BROWSER, PRESENTED -----------------------------------------------------	zengine::workshop	files_header	files_header	FilesPane	function	workshop/screen_browser.cpp		5519	5524	inline
workshop/screen.hpp	5448	// ---- THE PROJECT BROWSER, PRESENTED -----------------------------------------------------	zengine::workshop	files_row_text	files_row_text	FileRow	function	workshop/screen_browser.cpp	WL-FILES-04,WL-FILES-10	5529	5541	inline
workshop/screen.hpp	5448	// ---- THE PROJECT BROWSER, PRESENTED -----------------------------------------------------	zengine::workshop	files_row_full	files_row_full	FileRow	function	workshop/screen_browser.cpp		5545	5547	inline
workshop/screen.hpp	5448	// ---- THE PROJECT BROWSER, PRESENTED -----------------------------------------------------	zengine::workshop	files_press_at	files_press_at	Session	function	workshop/screen_browser.cpp		5557	5572	inline
workshop/screen.hpp	5448	// ---- THE PROJECT BROWSER, PRESENTED -----------------------------------------------------	zengine::workshop	over_files_body	over_files_body	Session	function	workshop/screen_browser.cpp		5576	5584	inline
workshop/screen.hpp	5448	// ---- THE PROJECT BROWSER, PRESENTED -----------------------------------------------------	zengine::workshop	files_row_of_body_row	files_row_of_body_row	FilesPane	function	workshop/screen_browser.cpp	WL-PRESS-03	5589	5603	inline
workshop/screen.hpp	5605	// ---- Which revealable row the pointer is on ----------------------------------------------	zengine::workshop	files_reveal_at	files_reveal_at	Session	function	workshop/screen_browser.cpp		5623	5655	inline
workshop/screen.hpp	5605	// ---- Which revealable row the pointer is on ----------------------------------------------	zengine::workshop	info_reveal_at	info_reveal_at	WorkshopDoc	function	workshop/screen_browser.cpp		5657	5691	inline
workshop/screen.hpp	5605	// ---- Which revealable row the pointer is on ----------------------------------------------	zengine::workshop	reveal_at	reveal_at	WorkshopDoc	function	workshop/screen_browser.cpp		5696	5714	inline
workshop/screen.hpp	5605	// ---- Which revealable row the pointer is on ----------------------------------------------	zengine::workshop	reveal_for	reveal_for	WorkshopDoc	function	workshop/screen_browser.cpp		5720	5728	inline
workshop/screen.hpp	5605	// ---- Which revealable row the pointer is on ----------------------------------------------	zengine::workshop	paint_files	paint_files	SurfaceLayer	function	workshop/screen_browser.cpp		5734	5807	inline,default-argument
workshop/screen.hpp	5605	// ---- Which revealable row the pointer is on ----------------------------------------------	zengine::workshop	paint_pane_affordances	paint_pane_affordances	SurfaceLayer	function	workshop/screen_browser.cpp	WL-ARR-09,WL-PANE-01,WL-FRONT-01	5813	5858	inline
workshop/screen.hpp	5877	// ---- THE SETUP LINE: which arrangement this is, and whether it is written down -----------	zengine::workshop	setup_name_hint	setup_name_hint	Keymap	function	workshop/screen_layouts.cpp		5882	5885	inline
workshop/screen.hpp	5877	// ---- THE SETUP LINE: which arrangement this is, and whether it is written down -----------	zengine::workshop	setup_hints	setup_hints	Keymap	function	workshop/screen_layouts.cpp	WL-KEY-02	5890	5893	inline
workshop/screen.hpp	5877	// ---- THE SETUP LINE: which arrangement this is, and whether it is written down -----------	zengine::workshop	layouts_body	layouts_body	Session	function	workshop/screen_layouts.cpp	WL-TAB-01,WL-TAB-05,WL-CHROME-05,WL-PRESS-05	5911	5917	inline
workshop/screen.hpp	5877	// ---- THE SETUP LINE: which arrangement this is, and whether it is written down -----------	zengine::workshop	setup_name_columns	setup_name_columns	Session	function	workshop/screen_layouts.cpp	WL-TEXT-03	5936	5942	inline
workshop/screen.hpp	5944	// ---- THE `setup:` SLOT: what the ACTIVE layout's association is --------------------------	zengine::workshop	setup_link_text	setup_link_text	SetupState	function	workshop/screen_layouts.cpp	WL-TAB-02,WL-TAB-03	5964	5975	inline
workshop/screen.hpp	5944	// ---- THE `setup:` SLOT: what the ACTIVE layout's association is --------------------------	zengine::workshop	setup_rest_text	setup_rest_text	SetupState	function	workshop/screen_layouts.cpp	WL-MAKER-04,WL-TAB-03	5979	5998	inline
workshop/screen.hpp	5944	// ---- THE `setup:` SLOT: what the ACTIVE layout's association is --------------------------	zengine::workshop	workspace_text	workspace_text	Session	function	workshop/screen_layouts.cpp		6004	6007	inline
workshop/screen.hpp	6009	// ---- THE LAYOUT TABS: the left of the status row -----------------------------------------	zengine::workshop	layouts_omitted_text	layouts_omitted_text	size_t	function	workshop/screen_layouts.cpp	WL-TAB-08	6034	6036	inline
workshop/screen.hpp	6009	// ---- THE LAYOUT TABS: the left of the status row -----------------------------------------	zengine::workshop	layout_tab_text	layout_tab_text	SetupState	function	workshop/screen_layouts.cpp		6047	6054	inline
workshop/screen.hpp	6009	// ---- THE LAYOUT TABS: the left of the status row -----------------------------------------	zengine::workshop	layout_tab_columns	layout_tab_columns	int64_t	function	workshop/screen_layouts.cpp		6074	6077	inline
workshop/screen.hpp	6009	// ---- THE LAYOUT TABS: the left of the status row -----------------------------------------	zengine::workshop	layout_tab_run	layout_tab_run	SetupState	function	workshop/screen_layouts.cpp	WL-TAB-05,WL-TAB-08	6086	6194	inline
workshop/screen.hpp	6009	// ---- THE LAYOUT TABS: the left of the status row -----------------------------------------	zengine::workshop	band_status	band_status	Session	function	workshop/screen_layouts.cpp		6208	6273	inline
workshop/screen.hpp	6009	// ---- THE LAYOUT TABS: the left of the status row -----------------------------------------	zengine::workshop	band_status	band_status	Session	function	workshop/screen_layouts.cpp		6279	6281	inline
workshop/screen.hpp	6009	// ---- THE LAYOUT TABS: the left of the status row -----------------------------------------	zengine::workshop	band_tab_row	band_tab_row	Session	function	workshop/screen_layouts.cpp		6289	6298	inline
workshop/screen.hpp	6009	// ---- THE LAYOUT TABS: the left of the status row -----------------------------------------	zengine::workshop	band_tab_at	band_tab_at	Session	function	workshop/screen_layouts.cpp		6308	6340	inline
workshop/screen.hpp	6342	// ---- THE LAYOUTS PANE AND THE BOTTOM BAND, EACH COMPOSED AGAINST ITS BUDGET ---------------	zengine::workshop	paint_layouts	paint_layouts	SurfaceLayer	function	workshop/screen_layouts.cpp	WL-TAB-01,WL-TAB-01,WL-TAB-05	6349	6421	inline,default-argument
workshop/screen.hpp	6423	// ---- A MAKER-MADE PANE, PRESENTED: authored regions on an offered interior -----------------	zengine::workshop	present_region	present_region	TextRegion	function	workshop/screen_pane_editor.cpp		6457	6474	inline
workshop/screen.hpp	6423	// ---- A MAKER-MADE PANE, PRESENTED: authored regions on an offered interior -----------------	zengine::workshop	region_over	region_over	FineRect	function	workshop/screen_pane_editor.cpp		6478	6490	inline
workshop/screen.hpp	6423	// ---- A MAKER-MADE PANE, PRESENTED: authored regions on an offered interior -----------------	zengine::workshop	maker_region	maker_region	Session	function	workshop/screen_pane_editor.cpp		6496	6502	inline
workshop/screen.hpp	6423	// ---- A MAKER-MADE PANE, PRESENTED: authored regions on an offered interior -----------------	zengine::workshop	maker_pane_interior	maker_pane_interior	Session	function	workshop/screen_pane_editor.cpp		6507	6513	inline
workshop/screen.hpp	6423	// ---- A MAKER-MADE PANE, PRESENTED: authored regions on an offered interior -----------------	zengine::workshop	region_axis_text	region_axis_text	Session	function	workshop/screen_pane_editor.cpp		6518	6532	inline
workshop/screen.hpp	6423	// ---- A MAKER-MADE PANE, PRESENTED: authored regions on an offered interior -----------------	zengine::workshop	write_region_axis	write_region_axis	Session	function	workshop/screen_pane_editor.cpp		6538	6559	inline
workshop/screen.hpp	6423	// ---- A MAKER-MADE PANE, PRESENTED: authored regions on an offered interior -----------------	zengine::workshop	write_region_text	write_region_text	Session	function	workshop/screen_pane_editor.cpp		6562	6568	inline
workshop/screen.hpp	6423	// ---- A MAKER-MADE PANE, PRESENTED: authored regions on an offered interior -----------------	zengine::workshop	region_resolved_text	region_resolved_text	Session	function	workshop/screen_pane_editor.cpp		6573	6590	inline
workshop/screen.hpp	6423	// ---- A MAKER-MADE PANE, PRESENTED: authored regions on an offered interior -----------------	zengine::workshop	region_shown_text	region_shown_text	Session	function	workshop/screen_pane_editor.cpp		6594	6607	inline
workshop/screen.hpp	6423	// ---- A MAKER-MADE PANE, PRESENTED: authored regions on an offered interior -----------------	zengine::workshop	interior_capture_text	interior_capture_text	Session	function	workshop/screen_pane_editor.cpp		6613	6636	inline
workshop/screen.hpp	6423	// ---- A MAKER-MADE PANE, PRESENTED: authored regions on an offered interior -----------------	zengine::workshop	paint_maker_pane	paint_maker_pane	SurfaceLayer	function	workshop/screen_pane_editor.cpp	WL-MAKER-05	6642	6664	inline,default-argument
workshop/screen.hpp	6423	// ---- A MAKER-MADE PANE, PRESENTED: authored regions on an offered interior -----------------	zengine::workshop	creator_subject_region	creator_subject_region	Session	function	workshop/screen_pane_editor.cpp		6674	6684	inline
workshop/screen.hpp	6423	// ---- A MAKER-MADE PANE, PRESENTED: authored regions on an offered interior -----------------	zengine::workshop	paint_creator_region_mark	paint_creator_region_mark	SurfaceLayer	function	workshop/screen_pane_editor.cpp	WL-MAKER-06	6689	6712	inline
workshop/screen.hpp	6423	// ---- A MAKER-MADE PANE, PRESENTED: authored regions on an offered interior -----------------	zengine::workshop	pane_name_columns	pane_name_columns	int64_t	function	workshop/screen_pane_editor.cpp		6718	6722	inline
workshop/screen.hpp	6724	// ---- THE PANE EDITOR: a Workshop pane as a SUBJECT, inspected and edited -----------------	zengine::workshop	pane_editor_subject_row	pane_editor_subject_row	Session	function	workshop/screen_pane_editor.cpp		6733	6743	inline
workshop/screen.hpp	6724	// ---- THE PANE EDITOR: a Workshop pane as a SUBJECT, inspected and edited -----------------	zengine::workshop	pane_window_base	pane_window_base	Session	function	workshop/screen_pane_editor.cpp	WL-PED-05	6748	6766	inline
workshop/screen.hpp	6724	// ---- THE PANE EDITOR: a Workshop pane as a SUBJECT, inspected and edited -----------------	zengine::workshop	pane_geometry_typeable	pane_geometry_typeable	Session	function	workshop/screen_pane_editor.cpp	WL-PED-06,WL-PANE-08	6772	6792	inline
workshop/screen.hpp	6724	// ---- THE PANE EDITOR: a Workshop pane as a SUBJECT, inspected and edited -----------------	zengine::workshop	pane_axis_text	pane_axis_text	Session	function	workshop/screen_pane_editor.cpp		6797	6825	inline
workshop/screen.hpp	6724	// ---- THE PANE EDITOR: a Workshop pane as a SUBJECT, inspected and edited -----------------	zengine::workshop	write_pane_axis	write_pane_axis	Session	function	workshop/screen_pane_editor.cpp	WL-PED-05	6831	6881	inline
workshop/screen.hpp	6724	// ---- THE PANE EDITOR: a Workshop pane as a SUBJECT, inspected and edited -----------------	zengine::workshop	pane_editor_rows	pane_editor_rows	Session	function	workshop/screen_pane_editor.cpp	WL-PED-04	6885	7035	inline
workshop/screen.hpp	6724	// ---- THE PANE EDITOR: a Workshop pane as a SUBJECT, inspected and edited -----------------	zengine::workshop	pane_editor_focus	pane_editor_focus	Session	function	workshop/screen_pane_editor.cpp		7039	7046	inline
workshop/screen.hpp	6724	// ---- THE PANE EDITOR: a Workshop pane as a SUBJECT, inspected and edited -----------------	zengine::workshop	pane_editor_body_place	pane_editor_body_place	FineRect	function	workshop/screen_pane_editor.cpp		7072	7118	inline
workshop/screen.hpp	6724	// ---- THE PANE EDITOR: a Workshop pane as a SUBJECT, inspected and edited -----------------	zengine::workshop	pane_editor_body	pane_editor_body	Session	function	workshop/screen_pane_editor.cpp		7122	7128	inline
workshop/screen.hpp	6724	// ---- THE PANE EDITOR: a Workshop pane as a SUBJECT, inspected and edited -----------------	zengine::workshop	prose_row_of_editor_pane	prose_row_of_editor_pane	PaneEditorBodyPlace	function	workshop/screen_pane_editor.cpp		7130	7132	inline
workshop/screen.hpp	6724	// ---- THE PANE EDITOR: a Workshop pane as a SUBJECT, inspected and edited -----------------	zengine::workshop	editor_pane_at_prose_row	editor_pane_at_prose_row	PaneEditorBodyPlace	function	workshop/screen_pane_editor.cpp		7134	7140	inline
workshop/screen.hpp	6724	// ---- THE PANE EDITOR: a Workshop pane as a SUBJECT, inspected and edited -----------------	zengine::workshop	prose_row_of_field	prose_row_of_field	PaneEditorBodyPlace	function	workshop/screen_pane_editor.cpp		7142	7147	inline
workshop/screen.hpp	6724	// ---- THE PANE EDITOR: a Workshop pane as a SUBJECT, inspected and edited -----------------	zengine::workshop	field_at_prose_row	field_at_prose_row	PaneEditorBodyPlace	function	workshop/screen_pane_editor.cpp		7149	7156	inline
workshop/screen.hpp	6724	// ---- THE PANE EDITOR: a Workshop pane as a SUBJECT, inspected and edited -----------------	zengine::workshop	pane_editor_at	pane_editor_at	Session	function	workshop/screen_pane_editor.cpp		7168	7181	inline
workshop/screen.hpp	6724	// ---- THE PANE EDITOR: a Workshop pane as a SUBJECT, inspected and edited -----------------	zengine::workshop	paint_pane_editor	paint_pane_editor	SurfaceLayer	function	workshop/screen_pane_editor.cpp		7186	7314	inline,default-argument
workshop/screen.hpp	6724	// ---- THE PANE EDITOR: a Workshop pane as a SUBJECT, inspected and edited -----------------	zengine::workshop	paint_panels	paint_panels	SurfaceCanvas	function	workshop/screen_pane_editor.cpp	WL-FRONT-01,WL-FRONT-05,WL-FRONT-07,WL-MAKER-05	7326	7401	inline,default-argument
workshop/screen.hpp	6724	// ---- THE PANE EDITOR: a Workshop pane as a SUBJECT, inspected and edited -----------------	zengine::workshop	band_region	band_region	Session	function	workshop/screen_pane_editor.cpp		7405	7504	inline
workshop/screen.hpp	6724	// ---- THE PANE EDITOR: a Workshop pane as a SUBJECT, inspected and edited -----------------	zengine::workshop	paint	paint	WorkshopDoc	function	workshop/screen_pane_editor.cpp	WL-FRONT-01,WL-FRONT-07,WL-ATTN-04,WL-DOC-18,WL-RGN-05	7511	7761	inline,default-argument
workshop/weave.hpp	1		zengine::workshop::WorkshopWeave	WorkshopWeave	WorkshopWeave	HostContext	function	workshop/weave_handlers.cpp		206	217	explicit,WorkshopWeave::
workshop/weave.hpp	1		zengine::workshop::WorkshopWeave	load_keymap	load_keymap		function	workshop/weave_handlers.cpp	WL-KEY-07,WL-KEY-08	221	255	WorkshopWeave::
workshop/weave.hpp	1		zengine::workshop::WorkshopWeave	load_prefs	load_prefs		function	workshop/weave_handlers.cpp	WL-FOCUS-11	259	284	WorkshopWeave::
workshop/weave.hpp	1		zengine::workshop::WorkshopWeave	speak_startup_notes	speak_startup_notes	Mail	function	workshop/weave_handlers.cpp	WL-ATTN-02	290	310	WorkshopWeave::
workshop/weave.hpp	1		zengine::workshop::WorkshopWeave	take_host_conditions	take_host_conditions		function	workshop/weave_handlers.cpp	WL-ATTN-01,WL-ATTN-02	314	318	WorkshopWeave::
workshop/weave.hpp	1		zengine::workshop::WorkshopWeave	on	on	SurfaceReady	function	workshop/weave_handlers.cpp		351	385	WorkshopWeave::
workshop/weave.hpp	1		zengine::workshop::WorkshopWeave	load_pane_definition	load_pane_definition	Mail	function	workshop/weave_handlers.cpp	WL-MAKER-08,WL-MAKER-09	389	402	WorkshopWeave::
workshop/weave.hpp	1		zengine::workshop::WorkshopWeave	host_pane_path	host_pane_path		function	workshop/weave_handlers.cpp	WL-MAKER-08	406	411	WorkshopWeave::
workshop/weave.hpp	1		zengine::workshop::WorkshopWeave	on	on	SurfaceExtent	function	workshop/weave_handlers.cpp	WL-DOC-17,WL-GEO-08	415	450	WorkshopWeave::
workshop/weave.hpp	1		zengine::workshop::WorkshopWeave	on	on	SurfacePlacement	function	workshop/weave_handlers.cpp	WL-SESSION-08,WL-SESSION-09	454	460	WorkshopWeave::
workshop/weave.hpp	1		zengine::workshop::WorkshopWeave	on	on	SurfaceCloseRequested	function	workshop/weave_handlers.cpp	WL-SESSION-13	465	465	WorkshopWeave::
workshop/weave.hpp	1		zengine::workshop::WorkshopWeave	on	on	KeyPressed	function	workshop/weave_handlers.cpp	WL-KEY-03,WL-KEY-05,WL-KEY-12	469	609	WorkshopWeave::
workshop/weave.hpp	1		zengine::workshop::WorkshopWeave	toggle_hotkeys	toggle_hotkeys		function	workshop/weave_handlers.cpp		613	613	WorkshopWeave::
workshop/weave.hpp	1		zengine::workshop::WorkshopWeave	hotkeys_key	hotkeys_key	KeyPressed	function	workshop/weave_handlers.cpp	WL-KEY-11	617	621	WorkshopWeave::
workshop/weave.hpp	1		zengine::workshop::WorkshopWeave	toggle_attention	toggle_attention		function	workshop/weave_handlers.cpp	WL-ATTN-09,WL-ATTN-10	626	629	WorkshopWeave::
workshop/weave.hpp	1		zengine::workshop::WorkshopWeave	attention_key	attention_key	KeyPressed	function	workshop/weave_handlers.cpp	WL-ATTN-08,WL-ATTN-09	633	671	WorkshopWeave::
workshop/weave.hpp	673	// ---- What can I do with this? The contextual-action surface ---------------	zengine::workshop::WorkshopWeave	open_context_at	open_context_at	PointedAt	function	workshop/weave_pointer.cpp	WL-CTX-01,WL-CTX-01	678	712	WorkshopWeave::
workshop/weave.hpp	673	// ---- What can I do with this? The contextual-action surface ---------------	zengine::workshop::WorkshopWeave	open_context_on_layout	open_context_on_layout	PointedAt	function	workshop/weave_pointer.cpp	WL-TAB-12	716	725	WorkshopWeave::
workshop/weave.hpp	673	// ---- What can I do with this? The contextual-action surface ---------------	zengine::workshop::WorkshopWeave	open_context_ambient	open_context_ambient		function	workshop/weave_pointer.cpp	WL-CTX-01	730	738	WorkshopWeave::
workshop/weave.hpp	673	// ---- What can I do with this? The contextual-action surface ---------------	zengine::workshop::WorkshopWeave	close_context	close_context		function	workshop/weave_pointer.cpp		742	742	WorkshopWeave::
workshop/weave.hpp	673	// ---- What can I do with this? The contextual-action surface ---------------	zengine::workshop::WorkshopWeave	context_key	context_key	KeyPressed	function	workshop/weave_pointer.cpp		745	779	WorkshopWeave::
workshop/weave.hpp	673	// ---- What can I do with this? The contextual-action surface ---------------	zengine::workshop::WorkshopWeave	leave_context_group	leave_context_group		function	workshop/weave_pointer.cpp		783	795	WorkshopWeave::
workshop/weave.hpp	673	// ---- What can I do with this? The contextual-action surface ---------------	zengine::workshop::WorkshopWeave	choose_context_row	choose_context_row	Mail	function	workshop/weave_pointer.cpp	WL-CTX-08	799	817	WorkshopWeave::
workshop/weave.hpp	673	// ---- What can I do with this? The contextual-action surface ---------------	zengine::workshop::WorkshopWeave	spend_context_choice	spend_context_choice	Act	function	workshop/weave_pointer.cpp	WL-CTX-01,WL-CTX-02,WL-CTX-07,WL-CTX-08	821	861	WorkshopWeave::
workshop/weave.hpp	673	// ---- What can I do with this? The contextual-action surface ---------------	zengine::workshop::WorkshopWeave	context_press	context_press	PointedAt	function	workshop/weave_pointer.cpp	WL-CTX-08	865	878	WorkshopWeave::
workshop/weave.hpp	673	// ---- What can I do with this? The contextual-action surface ---------------	zengine::workshop::WorkshopWeave	on	on	ClipboardCopy	function	workshop/weave_pointer.cpp	WL-TEXT-08	882	884	WorkshopWeave::
workshop/weave.hpp	673	// ---- What can I do with this? The contextual-action surface ---------------	zengine::workshop::WorkshopWeave	on	on	ClipboardText	function	workshop/weave_pointer.cpp	WL-TEXT-09,WL-TEXT-10	889	975	WorkshopWeave::
workshop/weave.hpp	673	// ---- What can I do with this? The contextual-action surface ---------------	zengine::workshop::WorkshopWeave	on	on	TextEntered	function	workshop/weave_pointer.cpp	WL-KEY-03	981	1050	WorkshopWeave::
workshop/weave.hpp	673	// ---- What can I do with this? The contextual-action surface ---------------	zengine::workshop::WorkshopWeave	end_held_gestures	end_held_gestures		function	workshop/weave_pointer.cpp	WL-ARR-02,WL-TAB-11	1064	1087	WorkshopWeave::,nested-return
workshop/weave.hpp	673	// ---- What can I do with this? The contextual-action surface ---------------	zengine::workshop::WorkshopWeave	on	on	PointerButton	function	workshop/weave_pointer.cpp	WL-FOCUS-03,WL-PRESS-04	1091	1490	WorkshopWeave::
workshop/weave.hpp	673	// ---- What can I do with this? The contextual-action surface ---------------	zengine::workshop::WorkshopWeave	on	on	PointerMoved	function	workshop/weave_pointer.cpp	WL-PANE-05	1496	1666	WorkshopWeave::
workshop/weave.hpp	673	// ---- What can I do with this? The contextual-action surface ---------------	zengine::workshop::WorkshopWeave	on	on	PointerWheel	function	workshop/weave_pointer.cpp	WL-EDIT-10	1670	1737	WorkshopWeave::
workshop/weave.hpp	673	// ---- What can I do with this? The contextual-action surface ---------------	zengine::workshop::WorkshopWeave	on	on	BuildStatus	function	workshop/weave_pointer.cpp	WL-PROJ-11,WL-PROJ-12	1754	1854	WorkshopWeave::
workshop/weave.hpp	673	// ---- What can I do with this? The contextual-action surface ---------------	zengine::workshop::WorkshopWeave	on	on	RecipeCatalog	function	workshop/weave_pointer.cpp	WL-PROJ-07	1858	1891	WorkshopWeave::
workshop/weave.hpp	1893	// ---- THE EXTERNAL PANE SEAM: an office offers, Workshop grants, an office says	zengine::workshop::WorkshopWeave	on	on	PaneOffered	function	workshop/weave_seam.cpp		1916	1963	WorkshopWeave::
workshop/weave.hpp	1893	// ---- THE EXTERNAL PANE SEAM: an office offers, Workshop grants, an office says	zengine::workshop::WorkshopWeave	on	on	PaneContent	function	workshop/weave_seam.cpp		1976	2029	WorkshopWeave::
workshop/weave.hpp	1893	// ---- THE EXTERNAL PANE SEAM: an office offers, Workshop grants, an office says	zengine::workshop::WorkshopWeave	judge_content	judge_content	PaneContent	function	workshop/weave_seam.cpp		2051	2070	static,WorkshopWeave::
workshop/weave.hpp	1893	// ---- THE EXTERNAL PANE SEAM: an office offers, Workshop grants, an office says	zengine::workshop::WorkshopWeave	session	session		function	workshop/weave_seam.cpp		2074	2074	WorkshopWeave::
workshop/weave.hpp	1893	// ---- THE EXTERNAL PANE SEAM: an office offers, Workshop grants, an office says	zengine::workshop::WorkshopWeave	document	document		function	workshop/weave_seam.cpp		2075	2075	WorkshopWeave::
workshop/weave.hpp	1893	// ---- THE EXTERNAL PANE SEAM: an office offers, Workshop grants, an office says	zengine::workshop::WorkshopWeave	same_keystroke	same_keystroke	string	function	workshop/weave_seam.cpp	WL-KEY-12	2080	2092	static,WorkshopWeave::
workshop/weave.hpp	1893	// ---- THE EXTERNAL PANE SEAM: an office offers, Workshop grants, an office says	zengine::workshop::WorkshopWeave	hotkey	hotkey	Act	function	workshop/weave_seam.cpp		2097	2097	WorkshopWeave::
workshop/weave.hpp	1893	// ---- THE EXTERNAL PANE SEAM: an office offers, Workshop grants, an office says	zengine::workshop::WorkshopWeave	pane_editor_editing_row	pane_editor_editing_row		function	workshop/weave_seam.cpp		2101	2108	WorkshopWeave::
workshop/weave.hpp	1893	// ---- THE EXTERNAL PANE SEAM: an office offers, Workshop grants, an office says	zengine::workshop::WorkshopWeave	editing_row	editing_row		function	workshop/weave_seam.cpp	WL-PED-07	2112	2124	WorkshopWeave::
workshop/weave.hpp	1893	// ---- THE EXTERNAL PANE SEAM: an office offers, Workshop grants, an office says	zengine::workshop::WorkshopWeave	naming_line	naming_line		function	workshop/weave_seam.cpp	WL-MAKER-11,WL-TEXT-09	2135	2143	WorkshopWeave::
workshop/weave.hpp	1893	// ---- THE EXTERNAL PANE SEAM: an office offers, Workshop grants, an office says	zengine::workshop::WorkshopWeave	paste_owner_now	paste_owner_now		function	workshop/weave_seam.cpp	WL-KEY-03,WL-TEXT-09	2149	2158	WorkshopWeave::,nested-return
workshop/weave.hpp	1893	// ---- THE EXTERNAL PANE SEAM: an office offers, Workshop grants, an office says	zengine::workshop::WorkshopWeave	begin_clipboard_paste	begin_clipboard_paste	Mail	function	workshop/weave_seam.cpp	WL-TEXT-09,WL-TEXT-10	2178	2217	WorkshopWeave::
workshop/weave.hpp	1893	// ---- THE EXTERNAL PANE SEAM: an office offers, Workshop grants, an office says	zengine::workshop::WorkshopWeave	take_pending_paste	take_pending_paste	uint64_t	function	workshop/weave_seam.cpp		2222	2232	WorkshopWeave::,nested-return
workshop/weave.hpp	1893	// ---- THE EXTERNAL PANE SEAM: an office offers, Workshop grants, an office says	zengine::workshop::WorkshopWeave	editing_key	editing_key	KeyPressed	function	workshop/weave_seam.cpp	WL-TEXT-02	2237	2287	WorkshopWeave::
workshop/weave.hpp	1893	// ---- THE EXTERNAL PANE SEAM: an office offers, Workshop grants, an office says	zengine::workshop::WorkshopWeave	refresh_inspector	refresh_inspector		function	workshop/weave_seam.cpp	WL-INFO-01,WL-INFO-05,WL-INFO-06	2291	2319	WorkshopWeave::
workshop/weave.hpp	1893	// ---- THE EXTERNAL PANE SEAM: an office offers, Workshop grants, an office says	zengine::workshop::WorkshopWeave	press_selects_word	press_selects_word	int64_t	function	workshop/weave_seam.cpp	WL-PTR-02,WL-PTR-03	2323	2342	WorkshopWeave::
workshop/weave.hpp	1893	// ---- THE EXTERNAL PANE SEAM: an office offers, Workshop grants, an office says	zengine::workshop::WorkshopWeave	press_selects_word	press_selects_word	int64_t	function	workshop/weave_seam.cpp		2346	2361	WorkshopWeave::
workshop/weave.hpp	1893	// ---- THE EXTERNAL PANE SEAM: an office offers, Workshop grants, an office says	zengine::workshop::WorkshopWeave	info_press	info_press	InfoBodyAt	function	workshop/weave_seam.cpp	WL-PRESS-01,WL-PRESS-04,WL-PTR-02,WL-INFO-01	2369	2411	WorkshopWeave::
workshop/weave.hpp	1893	// ---- THE EXTERNAL PANE SEAM: an office offers, Workshop grants, an office says	zengine::workshop::WorkshopWeave	actions_press	actions_press	InfoBodyAt	function	workshop/weave_seam.cpp	WL-CTRL-03,WL-CTRL-05,WL-PRESS-01	2416	2434	WorkshopWeave::
workshop/weave.hpp	1893	// ---- THE EXTERNAL PANE SEAM: an office offers, Workshop grants, an office says	zengine::workshop::WorkshopWeave	objects_press	objects_press	InfoBodyAt	function	workshop/weave_seam.cpp	WL-INFO-01,WL-INFO-09,WL-PRESS-01,WL-PRESS-02	2439	2461	WorkshopWeave::
workshop/weave.hpp	2463	// ---- The terminal overlay ------------------------------------------------	zengine::workshop::WorkshopWeave	toggle_terminal	toggle_terminal		function	workshop/weave_terminal.cpp	WL-TERM-01	2467	2478	WorkshopWeave::
workshop/weave.hpp	2463	// ---- The terminal overlay ------------------------------------------------	zengine::workshop::WorkshopWeave	terminal_key	terminal_key	KeyPressed	function	workshop/weave_terminal.cpp	WL-TERM-01,WL-TERM-05,WL-TEXT-02,WL-TEXT-04	2484	2534	WorkshopWeave::
workshop/weave.hpp	2463	// ---- The terminal overlay ------------------------------------------------	zengine::workshop::WorkshopWeave	terminal_press	terminal_press	PointerButton	function	workshop/weave_terminal.cpp	WL-TERM-01,WL-TERM-09,WL-GEO-01,WL-PTR-02,WL-PRESS-02	2541	2623	WorkshopWeave::
workshop/weave.hpp	2463	// ---- The terminal overlay ------------------------------------------------	zengine::workshop::WorkshopWeave	completion_selectable	completion_selectable		function	workshop/weave_terminal.cpp	WL-TERM-05	2627	2631	WorkshopWeave::
workshop/weave.hpp	2463	// ---- The terminal overlay ------------------------------------------------	zengine::workshop::WorkshopWeave	move_completion	move_completion	int	function	workshop/weave_terminal.cpp	WL-TERM-05	2635	2646	WorkshopWeave::
workshop/weave.hpp	2463	// ---- The terminal overlay ------------------------------------------------	zengine::workshop::WorkshopWeave	accept_completion	accept_completion		function	workshop/weave_terminal.cpp	WL-TERM-05	2650	2670	WorkshopWeave::
workshop/weave.hpp	2463	// ---- The terminal overlay ------------------------------------------------	zengine::workshop::WorkshopWeave	submit_terminal_line	submit_terminal_line		function	workshop/weave_terminal.cpp	WL-TERM-02,WL-TERM-04	2674	2736	WorkshopWeave::
workshop/weave.hpp	2463	// ---- The terminal overlay ------------------------------------------------	zengine::workshop::WorkshopWeave	refresh_terminal	refresh_terminal		function	workshop/weave_terminal.cpp	WL-TERM-03,WL-TERM-08,WL-TEXT-04	2741	2869	WorkshopWeave::
workshop/weave.hpp	2463	// ---- The terminal overlay ------------------------------------------------	zengine::workshop::WorkshopWeave	command	command	KeyPressed	function	workshop/weave_terminal.cpp	WL-KEY-01,WL-PANE-12	2873	2991	WorkshopWeave::
workshop/weave.hpp	2993	// ---- The dynamic panels --------------------------------------------------	zengine::workshop::WorkshopWeave	picker_population	picker_population		function	workshop/weave_panels.cpp	WL-PANE-12,WL-PANE-12	2999	3001	WorkshopWeave::
workshop/weave.hpp	2993	// ---- The dynamic panels --------------------------------------------------	zengine::workshop::WorkshopWeave	open_picker	open_picker		function	workshop/weave_panels.cpp		3004	3011	WorkshopWeave::
workshop/weave.hpp	2993	// ---- The dynamic panels --------------------------------------------------	zengine::workshop::WorkshopWeave	picker_move	picker_move	int64_t	function	workshop/weave_panels.cpp	WL-PANE-12	3015	3032	WorkshopWeave::
workshop/weave.hpp	2993	// ---- The dynamic panels --------------------------------------------------	zengine::workshop::WorkshopWeave	picker_wheel	picker_wheel	PointerWheel	function	workshop/weave_panels.cpp	WL-EDIT-10	3036	3048	WorkshopWeave::
workshop/weave.hpp	2993	// ---- The dynamic panels --------------------------------------------------	zengine::workshop::WorkshopWeave	picker_key	picker_key	KeyPressed	function	workshop/weave_panels.cpp		3054	3082	WorkshopWeave::
workshop/weave.hpp	2993	// ---- The dynamic panels --------------------------------------------------	zengine::workshop::WorkshopWeave	choose_panel	choose_panel	Mail	function	workshop/weave_panels.cpp	WL-PED-05,WL-PANE-12	3088	3099	WorkshopWeave::
workshop/weave.hpp	2993	// ---- The dynamic panels --------------------------------------------------	zengine::workshop::WorkshopWeave	toggle_participation	toggle_participation	CatalogRow	function	workshop/weave_panels.cpp	WL-PED-05,WL-PANE-12	3105	3155	WorkshopWeave::
workshop/weave.hpp	3157	// ---- The setup: name it, save it, restore it ------------------------------	zengine::workshop::WorkshopWeave	apply_setup	apply_setup	Mail	function	workshop/weave_session.cpp	WL-LAYOUT-05,WL-LAYOUT-07,WL-ARR-03,WL-MAKER-09,WL-PED-05,WL-SESSION-12	3166	3188	WorkshopWeave::
workshop/weave.hpp	3157	// ---- The setup: name it, save it, restore it ------------------------------	zengine::workshop::WorkshopWeave	open_layout_rename	open_layout_rename	size_t	function	workshop/weave_session.cpp	WL-CTX-07,WL-LAYOUT-10	3193	3205	WorkshopWeave::
workshop/weave.hpp	3157	// ---- The setup: name it, save it, restore it ------------------------------	zengine::workshop::WorkshopWeave	naming_key	naming_key	KeyPressed	function	workshop/weave_session.cpp		3210	3226	WorkshopWeave::
workshop/weave.hpp	3157	// ---- The setup: name it, save it, restore it ------------------------------	zengine::workshop::WorkshopWeave	close_naming	close_naming		function	workshop/weave_session.cpp		3230	3232	WorkshopWeave::
workshop/weave.hpp	3157	// ---- The setup: name it, save it, restore it ------------------------------	zengine::workshop::WorkshopWeave	commit_layout_rename	commit_layout_rename		function	workshop/weave_session.cpp	WL-LAYOUT-04,WL-LAYOUT-10	3236	3268	WorkshopWeave::
workshop/weave.hpp	3157	// ---- The setup: name it, save it, restore it ------------------------------	zengine::workshop::WorkshopWeave	link_note	link_note	size_t	function	workshop/weave_session.cpp	WL-LAYOUT-02	3274	3282	WorkshopWeave::
workshop/weave.hpp	3157	// ---- The setup: name it, save it, restore it ------------------------------	zengine::workshop::WorkshopWeave	setup_artifact	setup_artifact		function	workshop/weave_session.cpp	WL-LAYOUT-10	3288	3291	WorkshopWeave::
workshop/weave.hpp	3157	// ---- The setup: name it, save it, restore it ------------------------------	zengine::workshop::WorkshopWeave	save_setup	save_setup		function	workshop/weave_session.cpp	WL-LAYOUT-09,WL-LAYOUT-10,WL-LAYOUT-11	3295	3320	WorkshopWeave::
workshop/weave.hpp	3157	// ---- The setup: name it, save it, restore it ------------------------------	zengine::workshop::WorkshopWeave	restore_setup	restore_setup	Mail	function	workshop/weave_session.cpp	WL-LAYOUT-09,WL-LAYOUT-10,WL-LAYOUT-11	3324	3342	WorkshopWeave::
workshop/weave.hpp	3344	// ---- THE LAYOUT SHELF: several desks, one of them live --------------------	zengine::workshop::WorkshopWeave	layout_note	layout_note		function	workshop/weave_session.cpp		3347	3351	WorkshopWeave::
workshop/weave.hpp	3344	// ---- THE LAYOUT SHELF: several desks, one of them live --------------------	zengine::workshop::WorkshopWeave	switch_layout	switch_layout	size_t	function	workshop/weave_session.cpp		3356	3368	WorkshopWeave::
workshop/weave.hpp	3344	// ---- THE LAYOUT SHELF: several desks, one of them live --------------------	zengine::workshop::WorkshopWeave	step_layout	step_layout	int64_t	function	workshop/weave_session.cpp		3372	3379	WorkshopWeave::
workshop/weave.hpp	3344	// ---- THE LAYOUT SHELF: several desks, one of them live --------------------	zengine::workshop::WorkshopWeave	layout_ceiling_note	layout_ceiling_note		function	workshop/weave_session.cpp		3383	3387	WorkshopWeave::
workshop/weave.hpp	3344	// ---- THE LAYOUT SHELF: several desks, one of them live --------------------	zengine::workshop::WorkshopWeave	new_layout	new_layout	Mail	function	workshop/weave_session.cpp	WL-LAYOUT-03	3391	3398	WorkshopWeave::
workshop/weave.hpp	3344	// ---- THE LAYOUT SHELF: several desks, one of them live --------------------	zengine::workshop::WorkshopWeave	duplicate_layout	duplicate_layout	size_t	function	workshop/weave_session.cpp	WL-CTX-07,WL-LAYOUT-04	3402	3413	WorkshopWeave::
workshop/weave.hpp	3344	// ---- THE LAYOUT SHELF: several desks, one of them live --------------------	zengine::workshop::WorkshopWeave	drop_layout	drop_layout	size_t	function	workshop/weave_session.cpp	WL-CTX-07,WL-LAYOUT-03	3417	3431	WorkshopWeave::
workshop/weave.hpp	3344	// ---- THE LAYOUT SHELF: several desks, one of them live --------------------	zengine::workshop::WorkshopWeave	shift_layout	shift_layout	size_t	function	workshop/weave_session.cpp	WL-CTX-07,WL-LAYOUT-04	3435	3454	WorkshopWeave::
workshop/weave.hpp	3344	// ---- THE LAYOUT SHELF: several desks, one of them live --------------------	zengine::workshop::WorkshopWeave	unresolved_note	unresolved_note	Setup	function	workshop/weave_session.cpp	WL-PANE-10	3459	3471	WorkshopWeave::
workshop/weave.hpp	3473	// ---- THE LAST SESSION: the desk that comes back on its own ----------------	zengine::workshop::WorkshopWeave	restore_last_session	restore_last_session	Mail	function	workshop/weave_session.cpp	WL-SESSION-11,WL-SESSION-12,WL-SESSION-14,WL-SESSION-16,WL-SESSION-17,WL-MAKER-09,WL-MIG-10	3479	3630	WorkshopWeave::
workshop/weave.hpp	3473	// ---- THE LAST SESSION: the desk that comes back on its own ----------------	zengine::workshop::WorkshopWeave	save_last_session	save_last_session		function	workshop/weave_session.cpp	WL-SESSION-13,WL-SESSION-15,WL-SESSION-16,WL-MIG-10	3635	3669	WorkshopWeave::
workshop/weave.hpp	3671	// ---- PANE MANAGEMENT: arrange the windows, and never lose one -------------	zengine::workshop::WorkshopWeave	arrangeable	arrangeable		function	workshop/weave_arrange.cpp	WL-ARR-08,WL-PANE-12	3677	3685	WorkshopWeave::
workshop/weave.hpp	3671	// ---- PANE MANAGEMENT: arrange the windows, and never lose one -------------	zengine::workshop::WorkshopWeave	open_arrange_desk	open_arrange_desk		function	workshop/weave_arrange.cpp	WL-ARR-07	3689	3704	WorkshopWeave::
workshop/weave.hpp	3671	// ---- PANE MANAGEMENT: arrange the windows, and never lose one -------------	zengine::workshop::WorkshopWeave	enter_arrange_pane	enter_arrange_pane	PaneRef	function	workshop/weave_arrange.cpp	WL-ARR-07,WL-ARR-09,WL-CTX-02,WL-FRONT-04,WL-PRESS-06	3712	3755	WorkshopWeave::
workshop/weave.hpp	3671	// ---- PANE MANAGEMENT: arrange the windows, and never lose one -------------	zengine::workshop::WorkshopWeave	forget_removed_selection	forget_removed_selection		function	workshop/weave_arrange.cpp	WL-ARR-03,WL-PED-03	3759	3776	WorkshopWeave::
workshop/weave.hpp	3671	// ---- PANE MANAGEMENT: arrange the windows, and never lose one -------------	zengine::workshop::WorkshopWeave	close_arrange	close_arrange		function	workshop/weave_arrange.cpp		3781	3785	WorkshopWeave::
workshop/weave.hpp	3671	// ---- PANE MANAGEMENT: arrange the windows, and never lose one -------------	zengine::workshop::WorkshopWeave	arrange_status	arrange_status		function	workshop/weave_arrange.cpp	WL-GEO-11,WL-GEO-12,WL-ARR-09	3792	3815	WorkshopWeave::
workshop/weave.hpp	3671	// ---- PANE MANAGEMENT: arrange the windows, and never lose one -------------	zengine::workshop::WorkshopWeave	arrange_step	arrange_step	int64_t	function	workshop/weave_arrange.cpp	WL-ARR-08	3819	3842	WorkshopWeave::
workshop/weave.hpp	3671	// ---- PANE MANAGEMENT: arrange the windows, and never lose one -------------	zengine::workshop::WorkshopWeave	arrange_geometry_ready	arrange_geometry_ready	PaneRef	function	workshop/weave_arrange.cpp	WL-ARR-07,WL-CTX-02,WL-PANE-08,WL-SETUP-06	3849	3897	WorkshopWeave::
workshop/weave.hpp	3671	// ---- PANE MANAGEMENT: arrange the windows, and never lose one -------------	zengine::workshop::WorkshopWeave	managed_bounds	managed_bounds		function	workshop/weave_arrange.cpp	WL-ARR-04,WL-GEO-12	3902	3909	WorkshopWeave::
workshop/weave.hpp	3671	// ---- PANE MANAGEMENT: arrange the windows, and never lose one -------------	zengine::workshop::WorkshopWeave	managed_window_base	managed_window_base		function	workshop/weave_arrange.cpp	WL-ARR-04,WL-PED-05	3914	3920	WorkshopWeave::
workshop/weave.hpp	3671	// ---- PANE MANAGEMENT: arrange the windows, and never lose one -------------	zengine::workshop::WorkshopWeave	arrange_place	arrange_place	int64_t	function	workshop/weave_arrange.cpp	WL-ARR-06	3924	3956	WorkshopWeave::
workshop/weave.hpp	3671	// ---- PANE MANAGEMENT: arrange the windows, and never lose one -------------	zengine::workshop::WorkshopWeave	arrange_nudge	arrange_nudge	int64_t	function	workshop/weave_arrange.cpp	WL-ARR-08	3961	3971	WorkshopWeave::
workshop/weave.hpp	3671	// ---- PANE MANAGEMENT: arrange the windows, and never lose one -------------	zengine::workshop::WorkshopWeave	arrange_resize	arrange_resize	int64_t	function	workshop/weave_arrange.cpp	WL-ARR-05,WL-ARR-06	3975	4019	WorkshopWeave::
workshop/weave.hpp	3671	// ---- PANE MANAGEMENT: arrange the windows, and never lose one -------------	zengine::workshop::WorkshopWeave	arrange_grow	arrange_grow	int64_t	function	workshop/weave_arrange.cpp	WL-ARR-08,WL-ARR-10	4025	4035	WorkshopWeave::
workshop/weave.hpp	3671	// ---- PANE MANAGEMENT: arrange the windows, and never lose one -------------	zengine::workshop::WorkshopWeave	spend_pane_action	spend_pane_action	Act	function	workshop/weave_arrange.cpp	WL-CTX-07,WL-PED-05	4040	4129	WorkshopWeave::
workshop/weave.hpp	3671	// ---- PANE MANAGEMENT: arrange the windows, and never lose one -------------	zengine::workshop::WorkshopWeave	reset_front_order	reset_front_order		function	workshop/weave_arrange.cpp		4133	4136	WorkshopWeave::
workshop/weave.hpp	3671	// ---- PANE MANAGEMENT: arrange the windows, and never lose one -------------	zengine::workshop::WorkshopWeave	arrange_key	arrange_key	KeyPressed	function	workshop/weave_arrange.cpp	WL-ARR-08	4140	4221	WorkshopWeave::
workshop/weave.hpp	4223	// ---- The pointer, inside arrangement -------------------------------------	zengine::workshop::WorkshopWeave	take_pane_hold	take_pane_hold	PaneRef	function	workshop/weave_arrange.cpp	WL-ARR-01,WL-ARR-01,WL-ARR-07,WL-PANE-01	4231	4287	WorkshopWeave::
workshop/weave.hpp	4223	// ---- The pointer, inside arrangement -------------------------------------	zengine::workshop::WorkshopWeave	arrange_press	arrange_press	PointedAt	function	workshop/weave_arrange.cpp	WL-ARR-07,WL-FRONT-05	4292	4328	WorkshopWeave::
workshop/weave.hpp	4223	// ---- The pointer, inside arrangement -------------------------------------	zengine::workshop::WorkshopWeave	arrange_motion	arrange_motion	int64_t	function	workshop/weave_arrange.cpp	WL-ARR-01	4333	4360	WorkshopWeave::
workshop/weave.hpp	4223	// ---- The pointer, inside arrangement -------------------------------------	zengine::workshop::WorkshopWeave	build_now	build_now	Mail	function	workshop/weave_arrange.cpp	WL-PROJ-13	4382	4418	WorkshopWeave::
workshop/weave.hpp	4223	// ---- The pointer, inside arrangement -------------------------------------	zengine::workshop::WorkshopWeave	choose_recipe	choose_recipe	int	function	workshop/weave_arrange.cpp		4421	4441	WorkshopWeave::
workshop/weave.hpp	4223	// ---- The pointer, inside arrangement -------------------------------------	zengine::workshop::WorkshopWeave	build_frontier	build_frontier	Mail	function	workshop/weave_arrange.cpp	WL-PROJ-14	4466	4520	WorkshopWeave::
workshop/weave.hpp	4522	// ---- THE SOURCE EDITOR: choose source, edit, save, and never lose a byte ----------	zengine::workshop::WorkshopWeave	editor_key	editor_key	KeyPressed	function	workshop/weave_editor.cpp	WL-EDIT-02,WL-EDIT-09	4526	4548	WorkshopWeave::
workshop/weave.hpp	4522	// ---- THE SOURCE EDITOR: choose source, edit, save, and never lose a byte ----------	zengine::workshop::WorkshopWeave	editor_text	editor_text	string	function	workshop/weave_editor.cpp	WL-EDIT-07	4552	4564	WorkshopWeave::
workshop/weave.hpp	4522	// ---- THE SOURCE EDITOR: choose source, edit, save, and never lose a byte ----------	zengine::workshop::WorkshopWeave	editor_press	editor_press	PointerButton	function	workshop/weave_editor.cpp	WL-EDIT-08,WL-EDIT-12	4568	4586	WorkshopWeave::
workshop/weave.hpp	4522	// ---- THE SOURCE EDITOR: choose source, edit, save, and never lose a byte ----------	zengine::workshop::WorkshopWeave	refresh_editor	refresh_editor		function	workshop/weave_editor.cpp		4590	4590	WorkshopWeave::
workshop/weave.hpp	4592	// ---- The filesystem browser ----------------------------------------------	zengine::workshop::WorkshopWeave	files_dir	files_dir		function	workshop/weave_editor.cpp	WL-FILES-02	4598	4598	WorkshopWeave::
workshop/weave.hpp	4592	// ---- The filesystem browser ----------------------------------------------	zengine::workshop::WorkshopWeave	ensure_marks	ensure_marks		function	workshop/weave_editor.cpp	WL-FILES-02	4603	4613	WorkshopWeave::
workshop/weave.hpp	4592	// ---- The filesystem browser ----------------------------------------------	zengine::workshop::WorkshopWeave	load_marks	load_marks		function	workshop/weave_editor.cpp	WL-FILES-08	4617	4647	WorkshopWeave::
workshop/weave.hpp	4592	// ---- The filesystem browser ----------------------------------------------	zengine::workshop::WorkshopWeave	save_marks	save_marks		function	workshop/weave_editor.cpp	WL-FILES-08	4652	4661	WorkshopWeave::
workshop/weave.hpp	4592	// ---- The filesystem browser ----------------------------------------------	zengine::workshop::WorkshopWeave	files_refresh	files_refresh		function	workshop/weave_editor.cpp	WL-FILES-12	4665	4680	WorkshopWeave::
workshop/weave.hpp	4592	// ---- The filesystem browser ----------------------------------------------	zengine::workshop::WorkshopWeave	files_build_settled	files_build_settled		function	workshop/weave_editor.cpp	WL-FILES-12	4686	4696	WorkshopWeave::
workshop/weave.hpp	4592	// ---- The filesystem browser ----------------------------------------------	zengine::workshop::WorkshopWeave	files_point_at	files_point_at	string	function	workshop/weave_editor.cpp		4701	4709	WorkshopWeave::
workshop/weave.hpp	4592	// ---- The filesystem browser ----------------------------------------------	zengine::workshop::WorkshopWeave	files_move	files_move	int64_t	function	workshop/weave_editor.cpp		4713	4728	WorkshopWeave::
workshop/weave.hpp	4592	// ---- The filesystem browser ----------------------------------------------	zengine::workshop::WorkshopWeave	files_parent	files_parent		function	workshop/weave_editor.cpp	WL-FILES-03	4732	4754	WorkshopWeave::
workshop/weave.hpp	4592	// ---- The filesystem browser ----------------------------------------------	zengine::workshop::WorkshopWeave	files_where	files_where		function	workshop/weave_editor.cpp		4759	4762	WorkshopWeave::
workshop/weave.hpp	4592	// ---- The filesystem browser ----------------------------------------------	zengine::workshop::WorkshopWeave	files_say_where	files_say_where		function	workshop/weave_editor.cpp	WL-FILES-07	4766	4771	WorkshopWeave::
workshop/weave.hpp	4592	// ---- The filesystem browser ----------------------------------------------	zengine::workshop::WorkshopWeave	files_open	files_open	Mail	function	workshop/weave_editor.cpp	WL-FILES-04,WL-FILES-10,WL-FILES-11,WL-FOCUS-04	4777	4816	WorkshopWeave::
workshop/weave.hpp	4592	// ---- The filesystem browser ----------------------------------------------	zengine::workshop::WorkshopWeave	files_mark	files_mark		function	workshop/weave_editor.cpp	WL-FILES-05	4820	4833	WorkshopWeave::
workshop/weave.hpp	4592	// ---- The filesystem browser ----------------------------------------------	zengine::workshop::WorkshopWeave	files_jump_mark	files_jump_mark	int64_t	function	workshop/weave_editor.cpp	WL-FILES-06	4837	4861	WorkshopWeave::
workshop/weave.hpp	4592	// ---- The filesystem browser ----------------------------------------------	zengine::workshop::WorkshopWeave	files_use_recipes	files_use_recipes	Mail	function	workshop/weave_editor.cpp	WL-FILES-11,WL-PROJ-05	4865	4937	WorkshopWeave::
workshop/weave.hpp	4592	// ---- The filesystem browser ----------------------------------------------	zengine::workshop::WorkshopWeave	files_key	files_key	KeyPressed	function	workshop/weave_editor.cpp		4941	4957	WorkshopWeave::
workshop/weave.hpp	4592	// ---- The filesystem browser ----------------------------------------------	zengine::workshop::WorkshopWeave	files_wheel	files_wheel	PointerWheel	function	workshop/weave_editor.cpp	WL-EDIT-10	4961	4980	WorkshopWeave::
workshop/weave.hpp	4592	// ---- The filesystem browser ----------------------------------------------	zengine::workshop::WorkshopWeave	layouts_press	layouts_press	PointerButton	function	workshop/weave_editor.cpp	WL-PRESS-05,WL-TAB-09	4985	5019	WorkshopWeave::
workshop/weave.hpp	4592	// ---- The filesystem browser ----------------------------------------------	zengine::workshop::WorkshopWeave	files_press	files_press	PointerButton	function	workshop/weave_editor.cpp	WL-FOCUS-04	5025	5046	WorkshopWeave::
workshop/weave.hpp	5048	// ---- THE PANE EDITOR: a pane as a subject ------------------------------------------------	zengine::workshop::WorkshopWeave	repair_pane_editor_subject	repair_pane_editor_subject		function	workshop/weave_pane_editor.cpp	WL-PED-03	5052	5065	WorkshopWeave::
workshop/weave.hpp	5048	// ---- THE PANE EDITOR: a pane as a subject ------------------------------------------------	zengine::workshop::WorkshopWeave	choose_subject	choose_subject	PaneRef	function	workshop/weave_pane_editor.cpp	WL-PED-02	5069	5085	WorkshopWeave::
workshop/weave.hpp	5048	// ---- THE PANE EDITOR: a pane as a subject ------------------------------------------------	zengine::workshop::WorkshopWeave	pane_editor_move	pane_editor_move	int64_t	function	workshop/weave_pane_editor.cpp		5089	5091	WorkshopWeave::
workshop/weave.hpp	5048	// ---- THE PANE EDITOR: a pane as a subject ------------------------------------------------	zengine::workshop::WorkshopWeave	pane_editor_move_in	pane_editor_move_in	bool	function	workshop/weave_pane_editor.cpp	WL-PED-08	5096	5135	WorkshopWeave::
workshop/weave.hpp	5048	// ---- THE PANE EDITOR: a pane as a subject ------------------------------------------------	zengine::workshop::WorkshopWeave	pane_editor_wheel	pane_editor_wheel	PointerWheel	function	workshop/weave_pane_editor.cpp	WL-EDIT-10,WL-PED-08	5139	5161	WorkshopWeave::
workshop/weave.hpp	5048	// ---- THE PANE EDITOR: a pane as a subject ------------------------------------------------	zengine::workshop::WorkshopWeave	pane_editor_switch	pane_editor_switch		function	workshop/weave_pane_editor.cpp		5164	5173	WorkshopWeave::
workshop/weave.hpp	5048	// ---- THE PANE EDITOR: a pane as a subject ------------------------------------------------	zengine::workshop::WorkshopWeave	pane_editor_choose	pane_editor_choose		function	workshop/weave_pane_editor.cpp		5178	5206	WorkshopWeave::
workshop/weave.hpp	5048	// ---- THE PANE EDITOR: a pane as a subject ------------------------------------------------	zengine::workshop::WorkshopWeave	pane_editor_toggle	pane_editor_toggle	Mail	function	workshop/weave_pane_editor.cpp		5210	5223	WorkshopWeave::
workshop/weave.hpp	5048	// ---- THE PANE EDITOR: a pane as a subject ------------------------------------------------	zengine::workshop::WorkshopWeave	pane_editor_key	pane_editor_key	KeyPressed	function	workshop/weave_pane_editor.cpp		5226	5254	WorkshopWeave::
workshop/weave.hpp	5256	// ---- THE PANE CREATOR: a pane made of authored data ---------------------------------------	zengine::workshop::WorkshopWeave	rebuild_subject_rows	rebuild_subject_rows		function	workshop/weave_pane_editor.cpp	WL-PED-04	5260	5269	WorkshopWeave::
workshop/weave.hpp	5256	// ---- THE PANE CREATOR: a pane made of authored data ---------------------------------------	zengine::workshop::WorkshopWeave	maker_pane_dirty_sentence	maker_pane_dirty_sentence	char	function	workshop/weave_pane_editor.cpp		5273	5279	WorkshopWeave::
workshop/weave.hpp	5256	// ---- THE PANE CREATOR: a pane made of authored data ---------------------------------------	zengine::workshop::WorkshopWeave	open_maker_pane	open_maker_pane	string	function	workshop/weave_pane_editor.cpp	WL-MAKER-08	5284	5314	WorkshopWeave::
workshop/weave.hpp	5256	// ---- THE PANE CREATOR: a pane made of authored data ---------------------------------------	zengine::workshop::WorkshopWeave	new_maker_pane	new_maker_pane	string	function	workshop/weave_pane_editor.cpp	WL-MAKER-08,WL-MAKER-11	5318	5367	WorkshopWeave::
workshop/weave.hpp	5256	// ---- THE PANE CREATOR: a pane made of authored data ---------------------------------------	zengine::workshop::WorkshopWeave	open_pane_naming	open_pane_naming		function	workshop/weave_pane_editor.cpp		5372	5382	WorkshopWeave::
workshop/weave.hpp	5256	// ---- THE PANE CREATOR: a pane made of authored data ---------------------------------------	zengine::workshop::WorkshopWeave	pane_naming_key	pane_naming_key	KeyPressed	function	workshop/weave_pane_editor.cpp		5385	5402	WorkshopWeave::
workshop/weave.hpp	5256	// ---- THE PANE CREATOR: a pane made of authored data ---------------------------------------	zengine::workshop::WorkshopWeave	close_pane_naming	close_pane_naming		function	workshop/weave_pane_editor.cpp		5405	5405	WorkshopWeave::
workshop/weave.hpp	5256	// ---- THE PANE CREATOR: a pane made of authored data ---------------------------------------	zengine::workshop::WorkshopWeave	save_maker_pane	save_maker_pane		function	workshop/weave_pane_editor.cpp	WL-MAKER-08	5410	5442	WorkshopWeave::
workshop/weave.hpp	5256	// ---- THE PANE CREATOR: a pane made of authored data ---------------------------------------	zengine::workshop::WorkshopWeave	discard_maker_pane_edits	discard_maker_pane_edits	Mail	function	workshop/weave_pane_editor.cpp	WL-MAKER-08	5446	5471	WorkshopWeave::
workshop/weave.hpp	5256	// ---- THE PANE CREATOR: a pane made of authored data ---------------------------------------	zengine::workshop::WorkshopWeave	refresh_pane_name	refresh_pane_name		function	workshop/weave_pane_editor.cpp		5475	5487	WorkshopWeave::
workshop/weave.hpp	5256	// ---- THE PANE CREATOR: a pane made of authored data ---------------------------------------	zengine::workshop::WorkshopWeave	pane_editor_press	pane_editor_press	PointerButton	function	workshop/weave_pane_editor.cpp	WL-PED-02	5491	5540	WorkshopWeave::
workshop/weave.hpp	5256	// ---- THE PANE CREATOR: a pane made of authored data ---------------------------------------	zengine::workshop::WorkshopWeave	edit_source	edit_source	Mail	function	workshop/weave_pane_editor.cpp	WL-EDIT-05	5545	5581	WorkshopWeave::
workshop/weave.hpp	5256	// ---- THE PANE CREATOR: a pane made of authored data ---------------------------------------	zengine::workshop::WorkshopWeave	open_source	open_source	string	function	workshop/weave_pane_editor.cpp	WL-EDIT-03,WL-EDIT-05,WL-EDIT-06,WL-EDIT-11,WL-EDIT-13,WL-FRONT-04	5587	5646	WorkshopWeave::
workshop/weave.hpp	5256	// ---- THE PANE CREATOR: a pane made of authored data ---------------------------------------	zengine::workshop::WorkshopWeave	ensure_editor_pane	ensure_editor_pane	Mail	function	workshop/weave_pane_editor.cpp		5651	5670	WorkshopWeave::
workshop/weave.hpp	5256	// ---- THE PANE CREATOR: a pane made of authored data ---------------------------------------	zengine::workshop::WorkshopWeave	save_source	save_source		function	workshop/weave_pane_editor.cpp	WL-EDIT-01	5674	5688	WorkshopWeave::
workshop/weave.hpp	5256	// ---- THE PANE CREATOR: a pane made of authored data ---------------------------------------	zengine::workshop::WorkshopWeave	discard_source_edits	discard_source_edits		function	workshop/weave_pane_editor.cpp	WL-EDIT-03	5692	5707	WorkshopWeave::
workshop/weave.hpp	5709	// ---- Save and open -------------------------------------------------------	zengine::workshop::WorkshopWeave	save_document	save_document		function	workshop/weave_save.cpp	WL-DOC-16	5713	5735	WorkshopWeave::
workshop/weave.hpp	5709	// ---- Save and open -------------------------------------------------------	zengine::workshop::WorkshopWeave	load_document	load_document		function	workshop/weave_save.cpp	WL-CTX-01,WL-DOC-16	5739	5766	WorkshopWeave::
workshop/weave.hpp	5709	// ---- Save and open -------------------------------------------------------	zengine::workshop::WorkshopWeave	open_on_first	open_on_first		function	workshop/weave_save.cpp		5771	5774	WorkshopWeave::
workshop/weave.hpp	5709	// ---- Save and open -------------------------------------------------------	zengine::workshop::WorkshopWeave	create_object	create_object		function	workshop/weave_save.cpp		5779	5789	WorkshopWeave::
workshop/weave.hpp	5709	// ---- Save and open -------------------------------------------------------	zengine::workshop::WorkshopWeave	deleted_notice	deleted_notice	int64_t	function	workshop/weave_save.cpp	WL-DOC-10	5794	5800	WorkshopWeave::
workshop/weave.hpp	5709	// ---- Save and open -------------------------------------------------------	zengine::workshop::WorkshopWeave	delete_object	delete_object		function	workshop/weave_save.cpp		5803	5811	WorkshopWeave::
workshop/weave.hpp	5709	// ---- Save and open -------------------------------------------------------	zengine::workshop::WorkshopWeave	delete_object_at	delete_object_at	int64_t	function	workshop/weave_save.cpp	WL-CTX-07	5815	5824	WorkshopWeave::
workshop/weave.hpp	5709	// ---- Save and open -------------------------------------------------------	zengine::workshop::WorkshopWeave	context_delete_object	context_delete_object	int64_t	function	workshop/weave_save.cpp	WL-CTX-07	5828	5842	WorkshopWeave::
workshop/weave.hpp	5709	// ---- Save and open -------------------------------------------------------	zengine::workshop::WorkshopWeave	move_by	move_by	int64_t	function	workshop/weave_save.cpp		5845	5855	WorkshopWeave::
workshop/weave.hpp	5709	// ---- Save and open -------------------------------------------------------	zengine::workshop::WorkshopWeave	size_by	size_by	int64_t	function	workshop/weave_save.cpp	WL-DOC-07	5860	5870	WorkshopWeave::
workshop/weave.hpp	5709	// ---- Save and open -------------------------------------------------------	zengine::workshop::WorkshopWeave	edge_of	edge_of	Handled	function	workshop/weave_save.cpp	WL-DOC-08	5875	5877	static,WorkshopWeave::
workshop/weave.hpp	5709	// ---- Save and open -------------------------------------------------------	zengine::workshop::WorkshopWeave	move_notice	move_notice	Element	function	workshop/weave_save.cpp	WL-DOC-06	5881	5887	static,WorkshopWeave::
workshop/weave.hpp	5709	// ---- Save and open -------------------------------------------------------	zengine::workshop::WorkshopWeave	size_notice	size_notice	Element	function	workshop/weave_save.cpp		5888	5891	static,WorkshopWeave::
workshop/weave.hpp	5709	// ---- Save and open -------------------------------------------------------	zengine::workshop::WorkshopWeave	inspector_shown	inspector_shown		function	workshop/weave_save.cpp		5898	5898	WorkshopWeave::
workshop/weave.hpp	5709	// ---- Save and open -------------------------------------------------------	zengine::workshop::WorkshopWeave	inspector_absent	inspector_absent		function	workshop/weave_save.cpp	WL-INFO-10	5907	5915	WorkshopWeave::
workshop/weave.hpp	5709	// ---- Save and open -------------------------------------------------------	zengine::workshop::WorkshopWeave	move_cursor	move_cursor	int64_t	function	workshop/weave_save.cpp		5918	5929	WorkshopWeave::
workshop/weave.hpp	5709	// ---- Save and open -------------------------------------------------------	zengine::workshop::WorkshopWeave	begin_edit	begin_edit		function	workshop/weave_save.cpp	WL-INFO-05	5933	5951	WorkshopWeave::
workshop/weave.hpp	5709	// ---- Save and open -------------------------------------------------------	zengine::workshop::WorkshopWeave	resize_workspace	resize_workspace	int64_t	function	workshop/weave_save.cpp		5956	5973	WorkshopWeave::
workshop/weave.hpp	5709	// ---- Save and open -------------------------------------------------------	zengine::workshop::WorkshopWeave	select_next	select_next		function	workshop/weave_save.cpp		5975	5987	WorkshopWeave::
workshop/weave.hpp	5709	// ---- Save and open -------------------------------------------------------	zengine::workshop::WorkshopWeave	select	select	int64_t	function	workshop/weave_save.cpp		5989	5995	WorkshopWeave::
workshop/weave.hpp	5709	// ---- Save and open -------------------------------------------------------	zengine::workshop::WorkshopWeave	rebuild_rows	rebuild_rows		function	workshop/weave_save.cpp	WL-INFO-06	5999	5999	WorkshopWeave::
workshop/weave.hpp	5709	// ---- Save and open -------------------------------------------------------	zengine::workshop::WorkshopWeave	refresh_setup_name	refresh_setup_name		function	workshop/weave_save.cpp	WL-TEXT-03	6004	6010	WorkshopWeave::
workshop/weave.hpp	5709	// ---- Save and open -------------------------------------------------------	zengine::workshop::WorkshopWeave	say	say	string	function	workshop/weave_save.cpp		6012	6015	WorkshopWeave::
workshop/weave.hpp	5709	// ---- Save and open -------------------------------------------------------	zengine::workshop::WorkshopWeave	status_line	status_line		function	workshop/weave_save.cpp	WL-DOC-19	6028	6037	WorkshopWeave::
workshop/weave.hpp	5709	// ---- Save and open -------------------------------------------------------	zengine::workshop::WorkshopWeave	refresh_external_rooms	refresh_external_rooms	Mail	function	workshop/weave_save.cpp	WL-PANE-06	6042	6079	WorkshopWeave::
workshop/weave.hpp	5709	// ---- Save and open -------------------------------------------------------	zengine::workshop::WorkshopWeave	external_press	external_press	int64_t	function	workshop/weave_save.cpp	WL-PRESS-04	6083	6102	WorkshopWeave::
workshop/weave.hpp	5709	// ---- Save and open -------------------------------------------------------	zengine::workshop::WorkshopWeave	keyboard_pane	keyboard_pane		function	workshop/weave_save.cpp	WL-FOCUS-01,WL-FOCUS-05	6106	6108	WorkshopWeave::
workshop/weave.hpp	5709	// ---- Save and open -------------------------------------------------------	zengine::workshop::WorkshopWeave	external_key	external_key	int64_t	function	workshop/weave_save.cpp		6132	6140	WorkshopWeave::
workshop/weave.hpp	5709	// ---- Save and open -------------------------------------------------------	zengine::workshop::WorkshopWeave	external_wheel	external_wheel	int64_t	function	workshop/weave_save.cpp		6151	6166	WorkshopWeave::
workshop/weave.hpp	5709	// ---- Save and open -------------------------------------------------------	zengine::workshop::WorkshopWeave	unselect_pane	unselect_pane		function	workshop/weave_save.cpp	WL-ARR-13,WL-ARR-14,WL-FOCUS-05,WL-FRONT-04	6172	6177	WorkshopWeave::
workshop/weave.hpp	5709	// ---- Save and open -------------------------------------------------------	zengine::workshop::WorkshopWeave	external_text	external_text	int64_t	function	workshop/weave_save.cpp		6183	6191	WorkshopWeave::
workshop/weave.hpp	5709	// ---- Save and open -------------------------------------------------------	zengine::workshop::WorkshopWeave	frontier_now	frontier_now		function	workshop/weave_save.cpp	WL-ATTN-04	6195	6197	WorkshopWeave::
workshop/weave.hpp	5709	// ---- Save and open -------------------------------------------------------	zengine::workshop::WorkshopWeave	interaction_now	interaction_now		function	workshop/weave_save.cpp		6202	6204	WorkshopWeave::
workshop/weave.hpp	5709	// ---- Save and open -------------------------------------------------------	zengine::workshop::WorkshopWeave	repaint	repaint	Mail	function	workshop/weave_save.cpp		6206	6235	WorkshopWeave::
workshop/weave.hpp	5709	// ---- Save and open -------------------------------------------------------	zengine::workshop::WorkshopWeave	quit	quit		function	workshop/weave_save.cpp	WL-EDIT-03,WL-MAKER-08,WL-SESSION-13	6241	6269	WorkshopWeave::
workshop/weave.hpp	5709	// ---- Save and open -------------------------------------------------------	zengine::workshop::WorkshopWeave	finish_draft_first	finish_draft_first		function	workshop/weave_save.cpp	WL-CTX-07,WL-CTRL-03	6290	6293	WorkshopWeave::
workshop/files.hpp	1		zengine::workshop	leaves_the_tree	leaves_the_tree	directory_entry	function	workshop/files.cpp	WL-FILES-04	119	133	inline
workshop/files.hpp	1			<windows.h>			block	workshop/files.cpp		21	31	preprocessor-block
workshop/filesystem_roots.hpp	1		zengine::workshop	host_filesystem_roots	host_filesystem_roots		function	workshop/filesystem_roots.cpp	WL-FILES-06,WL-FILES-07	28	45	inline
workshop/filesystem_roots.hpp	1			<windows.h>			block	workshop/filesystem_roots.cpp		13	21	preprocessor-block
